USE youtube;


INSERT INTO `followers` (`channel_id`, `follower_count`, `created_at`, `updated_at`) VALUES ('1', 184, '2015-05-07 19:47:47', '1973-03-31 03:34:39');
INSERT INTO `followers` (`channel_id`, `follower_count`, `created_at`, `updated_at`) VALUES ('2', 37995984, '1985-11-12 07:32:25', '1982-02-09 15:39:29');
INSERT INTO `followers` (`channel_id`, `follower_count`, `created_at`, `updated_at`) VALUES ('3', 48279, '1997-03-14 22:03:26', '2007-03-01 03:43:14');
INSERT INTO `followers` (`channel_id`, `follower_count`, `created_at`, `updated_at`) VALUES ('4', 723, '2012-12-27 10:12:19', '2009-06-05 07:12:44');
INSERT INTO `followers` (`channel_id`, `follower_count`, `created_at`, `updated_at`) VALUES ('5', 518739, '2016-07-07 21:27:56', '1985-06-17 07:14:29');
INSERT INTO `followers` (`channel_id`, `follower_count`, `created_at`, `updated_at`) VALUES ('6', 87157, '2005-10-15 11:58:28', '1991-02-08 16:22:29');
INSERT INTO `followers` (`channel_id`, `follower_count`, `created_at`, `updated_at`) VALUES ('7', 0, '1986-10-22 03:12:46', '1979-11-21 21:53:12');
INSERT INTO `followers` (`channel_id`, `follower_count`, `created_at`, `updated_at`) VALUES ('8', 0, '1998-03-06 23:48:16', '1996-03-03 21:08:25');
INSERT INTO `followers` (`channel_id`, `follower_count`, `created_at`, `updated_at`) VALUES ('9', 57, '1988-11-06 21:16:22', '1995-02-04 17:46:42');
INSERT INTO `followers` (`channel_id`, `follower_count`, `created_at`, `updated_at`) VALUES ('10', 0, '1991-12-23 19:39:45', '2000-07-18 06:29:06');
INSERT INTO `followers` (`channel_id`, `follower_count`, `created_at`, `updated_at`) VALUES ('11', 79, '2014-05-29 22:42:54', '1992-01-11 09:04:24');
INSERT INTO `followers` (`channel_id`, `follower_count`, `created_at`, `updated_at`) VALUES ('12', 1795707, '2013-09-18 16:04:06', '2015-10-20 23:13:37');
INSERT INTO `followers` (`channel_id`, `follower_count`, `created_at`, `updated_at`) VALUES ('13', 796524, '1974-09-25 19:07:46', '2002-03-13 17:41:43');
INSERT INTO `followers` (`channel_id`, `follower_count`, `created_at`, `updated_at`) VALUES ('14', 57021914, '1974-12-04 09:07:24', '2005-10-12 23:05:01');
INSERT INTO `followers` (`channel_id`, `follower_count`, `created_at`, `updated_at`) VALUES ('15', 6802885, '2002-02-11 05:13:16', '2000-04-23 07:26:14');
INSERT INTO `followers` (`channel_id`, `follower_count`, `created_at`, `updated_at`) VALUES ('16', 2, '1999-02-26 02:53:15', '1991-06-15 04:24:11');
INSERT INTO `followers` (`channel_id`, `follower_count`, `created_at`, `updated_at`) VALUES ('17', 762002584, '1974-11-06 05:55:39', '1984-06-17 15:38:47');
INSERT INTO `followers` (`channel_id`, `follower_count`, `created_at`, `updated_at`) VALUES ('18', 50, '1974-08-12 19:07:45', '2007-04-10 02:58:50');
INSERT INTO `followers` (`channel_id`, `follower_count`, `created_at`, `updated_at`) VALUES ('19', 1, '1975-10-24 06:54:03', '1971-08-31 00:00:17');
INSERT INTO `followers` (`channel_id`, `follower_count`, `created_at`, `updated_at`) VALUES ('20', 62747809, '2000-07-03 21:48:08', '1989-10-28 09:47:05');
INSERT INTO `followers` (`channel_id`, `follower_count`, `created_at`, `updated_at`) VALUES ('21', 69599735, '1996-11-16 20:14:04', '1985-07-09 18:23:14');
INSERT INTO `followers` (`channel_id`, `follower_count`, `created_at`, `updated_at`) VALUES ('22', 93, '1985-09-02 03:10:15', '1982-08-18 13:41:13');
INSERT INTO `followers` (`channel_id`, `follower_count`, `created_at`, `updated_at`) VALUES ('23', 4, '2008-12-05 01:06:05', '1980-10-07 13:11:33');
INSERT INTO `followers` (`channel_id`, `follower_count`, `created_at`, `updated_at`) VALUES ('24', 1, '1992-06-28 10:12:49', '2004-05-07 18:47:34');
INSERT INTO `followers` (`channel_id`, `follower_count`, `created_at`, `updated_at`) VALUES ('25', 99512057, '1994-09-09 13:22:10', '2005-01-18 11:36:53');
INSERT INTO `followers` (`channel_id`, `follower_count`, `created_at`, `updated_at`) VALUES ('26', 19457905, '1981-12-13 10:28:40', '1987-10-21 14:33:25');
INSERT INTO `followers` (`channel_id`, `follower_count`, `created_at`, `updated_at`) VALUES ('27', 672023, '1982-01-02 16:15:46', '2014-09-09 23:52:39');
INSERT INTO `followers` (`channel_id`, `follower_count`, `created_at`, `updated_at`) VALUES ('28', 0, '2011-06-22 13:14:44', '2005-08-15 09:16:01');
INSERT INTO `followers` (`channel_id`, `follower_count`, `created_at`, `updated_at`) VALUES ('29', 1351, '2011-07-28 04:23:29', '2009-07-15 15:23:53');
INSERT INTO `followers` (`channel_id`, `follower_count`, `created_at`, `updated_at`) VALUES ('30', 5, '1976-07-24 07:02:25', '1991-01-29 06:59:40');
INSERT INTO `followers` (`channel_id`, `follower_count`, `created_at`, `updated_at`) VALUES ('31', 54300, '2008-03-01 18:54:08', '1986-06-21 09:12:08');
INSERT INTO `followers` (`channel_id`, `follower_count`, `created_at`, `updated_at`) VALUES ('32', 46, '1983-03-01 15:58:04', '1987-10-22 20:46:43');
INSERT INTO `followers` (`channel_id`, `follower_count`, `created_at`, `updated_at`) VALUES ('33', 48686, '1988-03-30 05:53:51', '1987-11-01 16:15:27');
INSERT INTO `followers` (`channel_id`, `follower_count`, `created_at`, `updated_at`) VALUES ('34', 252852636, '2008-01-18 09:05:10', '1995-11-18 17:35:25');
INSERT INTO `followers` (`channel_id`, `follower_count`, `created_at`, `updated_at`) VALUES ('35', 706, '2003-07-06 11:57:01', '1997-04-25 02:05:28');
INSERT INTO `followers` (`channel_id`, `follower_count`, `created_at`, `updated_at`) VALUES ('36', 0, '2015-01-29 11:18:33', '2013-09-29 01:22:38');
INSERT INTO `followers` (`channel_id`, `follower_count`, `created_at`, `updated_at`) VALUES ('37', 7, '2013-02-12 01:45:37', '2001-01-28 18:19:38');
INSERT INTO `followers` (`channel_id`, `follower_count`, `created_at`, `updated_at`) VALUES ('38', 144718, '1998-02-06 15:31:29', '1996-11-08 21:22:53');
INSERT INTO `followers` (`channel_id`, `follower_count`, `created_at`, `updated_at`) VALUES ('39', 7310305, '2001-10-17 20:06:59', '2016-03-20 14:49:38');
INSERT INTO `followers` (`channel_id`, `follower_count`, `created_at`, `updated_at`) VALUES ('40', 75709813, '1982-03-26 17:00:06', '1994-01-13 03:32:45');
INSERT INTO `followers` (`channel_id`, `follower_count`, `created_at`, `updated_at`) VALUES ('41', 60157883, '2017-02-09 09:12:43', '1981-02-04 19:02:52');
INSERT INTO `followers` (`channel_id`, `follower_count`, `created_at`, `updated_at`) VALUES ('42', 80, '1992-02-07 09:54:01', '1981-12-12 21:30:18');
INSERT INTO `followers` (`channel_id`, `follower_count`, `created_at`, `updated_at`) VALUES ('43', 948, '1988-11-22 10:44:08', '2003-12-15 15:27:57');
INSERT INTO `followers` (`channel_id`, `follower_count`, `created_at`, `updated_at`) VALUES ('44', 214239, '2019-04-05 23:11:43', '1997-07-04 06:09:33');
INSERT INTO `followers` (`channel_id`, `follower_count`, `created_at`, `updated_at`) VALUES ('45', 474941007, '1985-10-06 09:03:10', '1975-07-21 00:32:16');
INSERT INTO `followers` (`channel_id`, `follower_count`, `created_at`, `updated_at`) VALUES ('46', 44, '2000-11-18 01:13:04', '2008-05-14 06:17:20');
INSERT INTO `followers` (`channel_id`, `follower_count`, `created_at`, `updated_at`) VALUES ('47', 820582312, '1998-12-22 11:04:17', '1991-06-12 21:29:15');
INSERT INTO `followers` (`channel_id`, `follower_count`, `created_at`, `updated_at`) VALUES ('48', 358, '1994-05-05 13:28:21', '1984-12-14 11:43:24');
INSERT INTO `followers` (`channel_id`, `follower_count`, `created_at`, `updated_at`) VALUES ('49', 0, '1981-03-24 12:50:26', '1987-03-19 17:41:11');
INSERT INTO `followers` (`channel_id`, `follower_count`, `created_at`, `updated_at`) VALUES ('50', 541, '1983-03-12 04:38:53', '2004-07-16 02:47:19');
INSERT INTO `followers` (`channel_id`, `follower_count`, `created_at`, `updated_at`) VALUES ('51', 925726, '1978-08-21 15:10:20', '1971-01-10 19:01:07');
INSERT INTO `followers` (`channel_id`, `follower_count`, `created_at`, `updated_at`) VALUES ('52', 4, '1984-03-24 11:20:24', '1989-04-24 04:41:46');
INSERT INTO `followers` (`channel_id`, `follower_count`, `created_at`, `updated_at`) VALUES ('53', 3214, '2014-02-25 17:34:28', '1975-08-22 02:09:23');
INSERT INTO `followers` (`channel_id`, `follower_count`, `created_at`, `updated_at`) VALUES ('54', 23625, '1970-05-03 00:15:45', '1985-11-18 13:07:48');
INSERT INTO `followers` (`channel_id`, `follower_count`, `created_at`, `updated_at`) VALUES ('55', 8, '1981-04-13 11:58:53', '1998-10-20 04:09:29');
INSERT INTO `followers` (`channel_id`, `follower_count`, `created_at`, `updated_at`) VALUES ('56', 8, '2019-04-23 22:59:58', '2004-09-17 16:34:28');
INSERT INTO `followers` (`channel_id`, `follower_count`, `created_at`, `updated_at`) VALUES ('57', 0, '2010-09-27 12:47:08', '2005-09-30 00:21:40');
INSERT INTO `followers` (`channel_id`, `follower_count`, `created_at`, `updated_at`) VALUES ('58', 8305865, '1998-03-07 05:48:01', '1993-03-09 00:29:21');
INSERT INTO `followers` (`channel_id`, `follower_count`, `created_at`, `updated_at`) VALUES ('59', 2, '1984-04-23 21:22:01', '1970-12-15 05:10:56');
INSERT INTO `followers` (`channel_id`, `follower_count`, `created_at`, `updated_at`) VALUES ('60', 64, '1983-05-30 08:34:50', '2014-03-16 17:46:43');
INSERT INTO `followers` (`channel_id`, `follower_count`, `created_at`, `updated_at`) VALUES ('61', 79111, '2019-01-12 11:51:31', '2019-02-15 18:16:59');
INSERT INTO `followers` (`channel_id`, `follower_count`, `created_at`, `updated_at`) VALUES ('62', 15249378, '1985-03-10 04:20:40', '1988-11-22 11:55:13');
INSERT INTO `followers` (`channel_id`, `follower_count`, `created_at`, `updated_at`) VALUES ('63', 7787237, '2012-03-14 01:05:43', '2009-07-12 11:43:11');
INSERT INTO `followers` (`channel_id`, `follower_count`, `created_at`, `updated_at`) VALUES ('64', 58005259, '1984-05-19 05:14:18', '2001-10-24 06:51:54');
INSERT INTO `followers` (`channel_id`, `follower_count`, `created_at`, `updated_at`) VALUES ('65', 29563540, '1974-06-03 23:30:57', '1989-11-16 15:12:26');
INSERT INTO `followers` (`channel_id`, `follower_count`, `created_at`, `updated_at`) VALUES ('66', 9966957, '1993-04-18 03:58:57', '2000-04-23 12:54:41');
INSERT INTO `followers` (`channel_id`, `follower_count`, `created_at`, `updated_at`) VALUES ('67', 5685, '1994-05-23 21:22:13', '1998-10-12 23:18:36');
INSERT INTO `followers` (`channel_id`, `follower_count`, `created_at`, `updated_at`) VALUES ('68', 7048, '1994-03-31 06:58:56', '1989-01-12 20:00:19');
INSERT INTO `followers` (`channel_id`, `follower_count`, `created_at`, `updated_at`) VALUES ('69', 283810623, '1975-08-15 05:57:58', '1977-01-08 20:50:53');
INSERT INTO `followers` (`channel_id`, `follower_count`, `created_at`, `updated_at`) VALUES ('70', 0, '1999-11-15 10:18:09', '1995-06-13 07:36:34');
INSERT INTO `followers` (`channel_id`, `follower_count`, `created_at`, `updated_at`) VALUES ('71', 714, '1993-06-07 08:08:33', '1980-05-19 20:27:10');
INSERT INTO `followers` (`channel_id`, `follower_count`, `created_at`, `updated_at`) VALUES ('72', 673993794, '2009-09-23 18:46:52', '2013-08-20 22:26:32');
INSERT INTO `followers` (`channel_id`, `follower_count`, `created_at`, `updated_at`) VALUES ('73', 77212526, '1978-02-12 23:55:38', '1977-05-11 04:13:30');
INSERT INTO `followers` (`channel_id`, `follower_count`, `created_at`, `updated_at`) VALUES ('74', 426389, '2003-11-21 22:16:08', '2001-09-05 16:47:23');
INSERT INTO `followers` (`channel_id`, `follower_count`, `created_at`, `updated_at`) VALUES ('75', 4, '1993-03-26 15:05:12', '1986-12-16 09:36:53');
INSERT INTO `followers` (`channel_id`, `follower_count`, `created_at`, `updated_at`) VALUES ('76', 62894554, '1988-01-11 17:01:59', '1971-11-23 04:08:39');
INSERT INTO `followers` (`channel_id`, `follower_count`, `created_at`, `updated_at`) VALUES ('77', 99, '2014-09-23 13:29:34', '1996-12-08 21:28:47');
INSERT INTO `followers` (`channel_id`, `follower_count`, `created_at`, `updated_at`) VALUES ('78', 0, '1998-04-07 04:40:19', '2011-03-25 14:30:34');
INSERT INTO `followers` (`channel_id`, `follower_count`, `created_at`, `updated_at`) VALUES ('79', 74, '1988-09-15 00:33:57', '1994-09-22 17:08:58');
INSERT INTO `followers` (`channel_id`, `follower_count`, `created_at`, `updated_at`) VALUES ('80', 690998884, '1972-02-15 14:02:18', '1973-02-04 11:08:29');
INSERT INTO `followers` (`channel_id`, `follower_count`, `created_at`, `updated_at`) VALUES ('81', 80443703, '1974-12-30 20:15:02', '2001-10-25 17:21:32');
INSERT INTO `followers` (`channel_id`, `follower_count`, `created_at`, `updated_at`) VALUES ('82', 75, '1973-01-24 10:00:19', '1975-07-15 14:38:51');
INSERT INTO `followers` (`channel_id`, `follower_count`, `created_at`, `updated_at`) VALUES ('83', 771, '1984-10-06 08:33:53', '1986-11-07 05:52:27');
INSERT INTO `followers` (`channel_id`, `follower_count`, `created_at`, `updated_at`) VALUES ('84', 2, '1997-11-16 23:44:26', '2011-01-03 12:03:45');
INSERT INTO `followers` (`channel_id`, `follower_count`, `created_at`, `updated_at`) VALUES ('85', 2, '1980-05-18 21:54:19', '1977-11-13 00:28:26');
INSERT INTO `followers` (`channel_id`, `follower_count`, `created_at`, `updated_at`) VALUES ('86', 38, '2009-01-26 02:13:28', '1992-04-30 14:27:20');
INSERT INTO `followers` (`channel_id`, `follower_count`, `created_at`, `updated_at`) VALUES ('87', 460959536, '2002-02-28 14:51:24', '2000-10-28 02:01:50');
INSERT INTO `followers` (`channel_id`, `follower_count`, `created_at`, `updated_at`) VALUES ('88', 0, '1980-11-26 02:26:25', '2001-08-17 09:29:45');
INSERT INTO `followers` (`channel_id`, `follower_count`, `created_at`, `updated_at`) VALUES ('89', 68737048, '1972-07-03 11:50:19', '1996-06-04 02:57:32');
INSERT INTO `followers` (`channel_id`, `follower_count`, `created_at`, `updated_at`) VALUES ('90', 61356, '1974-08-30 13:48:50', '1977-01-17 17:42:52');
INSERT INTO `followers` (`channel_id`, `follower_count`, `created_at`, `updated_at`) VALUES ('91', 96, '1982-09-23 18:14:02', '2003-06-24 15:17:28');
INSERT INTO `followers` (`channel_id`, `follower_count`, `created_at`, `updated_at`) VALUES ('92', 16, '2018-02-12 03:45:49', '1980-10-10 08:30:24');
INSERT INTO `followers` (`channel_id`, `follower_count`, `created_at`, `updated_at`) VALUES ('93', 38556986, '2019-10-07 12:52:22', '1985-04-30 03:30:58');
INSERT INTO `followers` (`channel_id`, `follower_count`, `created_at`, `updated_at`) VALUES ('94', 424, '1982-04-09 07:35:54', '2010-10-02 03:13:23');
INSERT INTO `followers` (`channel_id`, `follower_count`, `created_at`, `updated_at`) VALUES ('95', 918, '2015-11-27 01:13:43', '2000-03-25 16:21:46');
INSERT INTO `followers` (`channel_id`, `follower_count`, `created_at`, `updated_at`) VALUES ('96', 586, '1990-11-21 04:22:26', '2018-02-24 08:08:40');
INSERT INTO `followers` (`channel_id`, `follower_count`, `created_at`, `updated_at`) VALUES ('97', 385, '2014-09-26 11:41:18', '1991-06-02 09:15:02');
INSERT INTO `followers` (`channel_id`, `follower_count`, `created_at`, `updated_at`) VALUES ('98', 5, '1998-04-19 15:19:33', '1987-11-30 01:46:48');
INSERT INTO `followers` (`channel_id`, `follower_count`, `created_at`, `updated_at`) VALUES ('99', 0, '2009-07-27 17:56:38', '1981-05-20 16:30:44');
INSERT INTO `followers` (`channel_id`, `follower_count`, `created_at`, `updated_at`) VALUES ('100', 886917234, '1981-06-02 02:44:41', '1983-02-02 18:10:17');


INSERT INTO `assessments` (`channel_id`, `object_type_id`, `object_id`, `assessment_type_id`, `created_at`, `updated_at`) VALUES ('56', 1, '17', 2, '1984-01-01 17:14:24', '1987-04-21 14:24:55');
INSERT INTO `assessments` (`channel_id`, `object_type_id`, `object_id`, `assessment_type_id`, `created_at`, `updated_at`) VALUES ('71', 2, '3', 3, '1988-02-09 07:48:43', '2004-07-27 20:14:33');
INSERT INTO `assessments` (`channel_id`, `object_type_id`, `object_id`, `assessment_type_id`, `created_at`, `updated_at`) VALUES ('71', 1, '21', 2, '1994-02-19 15:59:43', '2011-07-30 00:49:00');
INSERT INTO `assessments` (`channel_id`, `object_type_id`, `object_id`, `assessment_type_id`, `created_at`, `updated_at`) VALUES ('51', 2, '89', 2, '1998-07-08 01:33:02', '1975-01-12 14:01:24');
INSERT INTO `assessments` (`channel_id`, `object_type_id`, `object_id`, `assessment_type_id`, `created_at`, `updated_at`) VALUES ('47', 1, '22', 1, '2010-07-27 08:50:36', '2011-08-06 07:44:13');
INSERT INTO `assessments` (`channel_id`, `object_type_id`, `object_id`, `assessment_type_id`, `created_at`, `updated_at`) VALUES ('81', 1, '30', 1, '2014-10-14 15:49:59', '2005-06-28 07:38:39');
INSERT INTO `assessments` (`channel_id`, `object_type_id`, `object_id`, `assessment_type_id`, `created_at`, `updated_at`) VALUES ('16', 2, '15', 1, '1971-11-04 21:42:39', '1997-04-18 01:44:21');
INSERT INTO `assessments` (`channel_id`, `object_type_id`, `object_id`, `assessment_type_id`, `created_at`, `updated_at`) VALUES ('8', 1, '17', 1, '1995-04-20 22:09:35', '1990-06-15 12:03:22');
INSERT INTO `assessments` (`channel_id`, `object_type_id`, `object_id`, `assessment_type_id`, `created_at`, `updated_at`) VALUES ('19', 1, '91', 2, '2001-10-27 02:42:54', '2001-04-05 22:53:35');
INSERT INTO `assessments` (`channel_id`, `object_type_id`, `object_id`, `assessment_type_id`, `created_at`, `updated_at`) VALUES ('47', 2, '20', 3, '2008-06-11 23:21:33', '1986-05-27 17:34:07');
INSERT INTO `assessments` (`channel_id`, `object_type_id`, `object_id`, `assessment_type_id`, `created_at`, `updated_at`) VALUES ('100', 2, '72', 3, '2010-08-18 08:02:10', '1979-05-22 04:03:22');
INSERT INTO `assessments` (`channel_id`, `object_type_id`, `object_id`, `assessment_type_id`, `created_at`, `updated_at`) VALUES ('61', 2, '99', 1, '1981-02-12 12:03:04', '2014-05-04 11:25:57');
INSERT INTO `assessments` (`channel_id`, `object_type_id`, `object_id`, `assessment_type_id`, `created_at`, `updated_at`) VALUES ('18', 2, '33', 1, '1985-03-26 19:47:06', '2000-02-22 04:50:56');
INSERT INTO `assessments` (`channel_id`, `object_type_id`, `object_id`, `assessment_type_id`, `created_at`, `updated_at`) VALUES ('21', 1, '73', 3, '2014-09-04 07:05:50', '1989-12-02 09:23:58');
INSERT INTO `assessments` (`channel_id`, `object_type_id`, `object_id`, `assessment_type_id`, `created_at`, `updated_at`) VALUES ('27', 1, '51', 3, '1986-09-16 10:03:17', '2001-10-03 10:58:12');
INSERT INTO `assessments` (`channel_id`, `object_type_id`, `object_id`, `assessment_type_id`, `created_at`, `updated_at`) VALUES ('37', 1, '77', 3, '2007-07-14 10:09:25', '1976-09-07 15:51:31');
INSERT INTO `assessments` (`channel_id`, `object_type_id`, `object_id`, `assessment_type_id`, `created_at`, `updated_at`) VALUES ('58', 2, '29', 2, '2000-07-21 12:09:10', '1992-07-28 15:45:49');
INSERT INTO `assessments` (`channel_id`, `object_type_id`, `object_id`, `assessment_type_id`, `created_at`, `updated_at`) VALUES ('38', 1, '90', 2, '1983-10-11 05:25:53', '2007-12-14 17:40:22');
INSERT INTO `assessments` (`channel_id`, `object_type_id`, `object_id`, `assessment_type_id`, `created_at`, `updated_at`) VALUES ('35', 1, '30', 2, '2007-02-26 16:54:28', '1986-06-13 15:41:27');
INSERT INTO `assessments` (`channel_id`, `object_type_id`, `object_id`, `assessment_type_id`, `created_at`, `updated_at`) VALUES ('71', 1, '4', 1, '2003-11-04 07:11:01', '1976-12-12 23:59:23');
INSERT INTO `assessments` (`channel_id`, `object_type_id`, `object_id`, `assessment_type_id`, `created_at`, `updated_at`) VALUES ('32', 1, '23', 1, '2011-02-01 22:30:52', '1977-03-06 04:19:05');
INSERT INTO `assessments` (`channel_id`, `object_type_id`, `object_id`, `assessment_type_id`, `created_at`, `updated_at`) VALUES ('70', 2, '57', 3, '1970-06-28 00:50:27', '1983-10-10 14:03:17');
INSERT INTO `assessments` (`channel_id`, `object_type_id`, `object_id`, `assessment_type_id`, `created_at`, `updated_at`) VALUES ('73', 1, '30', 3, '2002-10-11 12:58:55', '1989-10-24 01:42:44');
INSERT INTO `assessments` (`channel_id`, `object_type_id`, `object_id`, `assessment_type_id`, `created_at`, `updated_at`) VALUES ('81', 1, '39', 2, '1976-02-04 23:26:57', '2018-08-09 19:23:56');
INSERT INTO `assessments` (`channel_id`, `object_type_id`, `object_id`, `assessment_type_id`, `created_at`, `updated_at`) VALUES ('5', 2, '15', 3, '1989-06-04 07:40:55', '1998-02-16 03:54:53');
INSERT INTO `assessments` (`channel_id`, `object_type_id`, `object_id`, `assessment_type_id`, `created_at`, `updated_at`) VALUES ('74', 2, '71', 3, '2007-01-12 02:21:19', '1982-07-29 13:30:14');
INSERT INTO `assessments` (`channel_id`, `object_type_id`, `object_id`, `assessment_type_id`, `created_at`, `updated_at`) VALUES ('51', 2, '95', 1, '1984-02-25 23:06:38', '1986-09-27 23:47:47');
INSERT INTO `assessments` (`channel_id`, `object_type_id`, `object_id`, `assessment_type_id`, `created_at`, `updated_at`) VALUES ('14', 2, '48', 3, '1970-04-30 10:11:35', '2000-07-01 15:48:01');
INSERT INTO `assessments` (`channel_id`, `object_type_id`, `object_id`, `assessment_type_id`, `created_at`, `updated_at`) VALUES ('38', 2, '36', 3, '2009-05-03 05:35:52', '1995-11-30 16:53:21');
INSERT INTO `assessments` (`channel_id`, `object_type_id`, `object_id`, `assessment_type_id`, `created_at`, `updated_at`) VALUES ('31', 2, '74', 3, '1985-11-06 18:41:51', '1994-01-17 15:35:44');
INSERT INTO `assessments` (`channel_id`, `object_type_id`, `object_id`, `assessment_type_id`, `created_at`, `updated_at`) VALUES ('69', 1, '53', 1, '1979-05-17 07:08:44', '1977-12-25 08:20:10');
INSERT INTO `assessments` (`channel_id`, `object_type_id`, `object_id`, `assessment_type_id`, `created_at`, `updated_at`) VALUES ('39', 2, '41', 2, '1999-07-15 05:05:54', '1991-03-09 12:26:20');
INSERT INTO `assessments` (`channel_id`, `object_type_id`, `object_id`, `assessment_type_id`, `created_at`, `updated_at`) VALUES ('37', 2, '96', 3, '1995-11-08 05:15:07', '1971-12-16 06:21:05');
INSERT INTO `assessments` (`channel_id`, `object_type_id`, `object_id`, `assessment_type_id`, `created_at`, `updated_at`) VALUES ('78', 1, '18', 2, '1983-01-14 12:30:34', '1983-03-08 11:08:30');
INSERT INTO `assessments` (`channel_id`, `object_type_id`, `object_id`, `assessment_type_id`, `created_at`, `updated_at`) VALUES ('64', 2, '46', 3, '1972-06-09 16:06:11', '2003-11-08 18:06:05');
INSERT INTO `assessments` (`channel_id`, `object_type_id`, `object_id`, `assessment_type_id`, `created_at`, `updated_at`) VALUES ('41', 2, '84', 3, '1970-11-20 08:32:04', '2019-02-24 03:04:13');
INSERT INTO `assessments` (`channel_id`, `object_type_id`, `object_id`, `assessment_type_id`, `created_at`, `updated_at`) VALUES ('52', 2, '38', 2, '1982-09-20 12:40:08', '1997-05-04 16:22:39');
INSERT INTO `assessments` (`channel_id`, `object_type_id`, `object_id`, `assessment_type_id`, `created_at`, `updated_at`) VALUES ('73', 1, '98', 1, '1980-10-04 10:45:59', '1995-07-23 22:50:56');
INSERT INTO `assessments` (`channel_id`, `object_type_id`, `object_id`, `assessment_type_id`, `created_at`, `updated_at`) VALUES ('41', 2, '94', 2, '2015-06-18 19:33:25', '1988-09-29 19:26:47');
INSERT INTO `assessments` (`channel_id`, `object_type_id`, `object_id`, `assessment_type_id`, `created_at`, `updated_at`) VALUES ('69', 1, '82', 3, '1990-02-07 11:35:55', '2018-01-11 04:28:51');
INSERT INTO `assessments` (`channel_id`, `object_type_id`, `object_id`, `assessment_type_id`, `created_at`, `updated_at`) VALUES ('38', 2, '6', 3, '1992-02-10 05:16:37', '2018-04-20 10:43:34');
INSERT INTO `assessments` (`channel_id`, `object_type_id`, `object_id`, `assessment_type_id`, `created_at`, `updated_at`) VALUES ('71', 1, '32', 3, '2005-03-12 23:43:05', '2007-09-14 23:39:02');
INSERT INTO `assessments` (`channel_id`, `object_type_id`, `object_id`, `assessment_type_id`, `created_at`, `updated_at`) VALUES ('76', 1, '95', 1, '2007-05-18 22:57:14', '2016-11-12 06:54:03');
INSERT INTO `assessments` (`channel_id`, `object_type_id`, `object_id`, `assessment_type_id`, `created_at`, `updated_at`) VALUES ('33', 2, '14', 1, '2002-06-14 09:46:37', '2001-04-27 23:34:21');
INSERT INTO `assessments` (`channel_id`, `object_type_id`, `object_id`, `assessment_type_id`, `created_at`, `updated_at`) VALUES ('47', 2, '26', 3, '1993-02-13 09:10:33', '2009-05-19 03:32:22');
INSERT INTO `assessments` (`channel_id`, `object_type_id`, `object_id`, `assessment_type_id`, `created_at`, `updated_at`) VALUES ('48', 2, '96', 1, '2017-02-09 10:43:01', '2007-07-27 16:16:15');
INSERT INTO `assessments` (`channel_id`, `object_type_id`, `object_id`, `assessment_type_id`, `created_at`, `updated_at`) VALUES ('52', 1, '42', 3, '2017-06-05 11:57:28', '2015-04-16 09:05:40');
INSERT INTO `assessments` (`channel_id`, `object_type_id`, `object_id`, `assessment_type_id`, `created_at`, `updated_at`) VALUES ('40', 2, '20', 3, '2018-03-20 08:12:27', '2012-07-01 01:15:11');
INSERT INTO `assessments` (`channel_id`, `object_type_id`, `object_id`, `assessment_type_id`, `created_at`, `updated_at`) VALUES ('78', 2, '16', 2, '1971-09-08 14:45:53', '1983-08-07 02:03:43');
INSERT INTO `assessments` (`channel_id`, `object_type_id`, `object_id`, `assessment_type_id`, `created_at`, `updated_at`) VALUES ('5', 2, '65', 3, '2015-08-05 04:12:50', '1970-06-03 08:49:35');
INSERT INTO `assessments` (`channel_id`, `object_type_id`, `object_id`, `assessment_type_id`, `created_at`, `updated_at`) VALUES ('14', 2, '98', 3, '1974-11-19 22:10:30', '1992-01-11 18:01:01');
INSERT INTO `assessments` (`channel_id`, `object_type_id`, `object_id`, `assessment_type_id`, `created_at`, `updated_at`) VALUES ('25', 2, '83', 1, '1980-10-23 00:41:31', '2005-09-30 01:44:32');
INSERT INTO `assessments` (`channel_id`, `object_type_id`, `object_id`, `assessment_type_id`, `created_at`, `updated_at`) VALUES ('47', 2, '22', 2, '1974-11-22 07:41:56', '1981-06-13 16:59:46');
INSERT INTO `assessments` (`channel_id`, `object_type_id`, `object_id`, `assessment_type_id`, `created_at`, `updated_at`) VALUES ('50', 1, '64', 1, '2015-04-17 04:45:11', '2003-12-22 04:04:28');
INSERT INTO `assessments` (`channel_id`, `object_type_id`, `object_id`, `assessment_type_id`, `created_at`, `updated_at`) VALUES ('24', 1, '98', 3, '2012-11-12 09:20:16', '1982-03-27 16:29:01');
INSERT INTO `assessments` (`channel_id`, `object_type_id`, `object_id`, `assessment_type_id`, `created_at`, `updated_at`) VALUES ('90', 1, '54', 1, '1998-09-13 06:53:39', '2016-09-28 23:30:53');
INSERT INTO `assessments` (`channel_id`, `object_type_id`, `object_id`, `assessment_type_id`, `created_at`, `updated_at`) VALUES ('94', 2, '81', 2, '2000-10-17 19:47:02', '2012-09-16 19:18:39');
INSERT INTO `assessments` (`channel_id`, `object_type_id`, `object_id`, `assessment_type_id`, `created_at`, `updated_at`) VALUES ('15', 1, '9', 1, '2000-12-25 15:34:09', '2019-12-24 23:07:57');
INSERT INTO `assessments` (`channel_id`, `object_type_id`, `object_id`, `assessment_type_id`, `created_at`, `updated_at`) VALUES ('24', 1, '86', 3, '1985-04-01 06:19:30', '1987-11-22 15:05:25');
INSERT INTO `assessments` (`channel_id`, `object_type_id`, `object_id`, `assessment_type_id`, `created_at`, `updated_at`) VALUES ('36', 1, '36', 2, '2006-01-24 11:00:00', '1984-03-01 01:42:39');
INSERT INTO `assessments` (`channel_id`, `object_type_id`, `object_id`, `assessment_type_id`, `created_at`, `updated_at`) VALUES ('1', 1, '44', 1, '2006-10-25 00:10:38', '1989-09-23 04:57:49');
INSERT INTO `assessments` (`channel_id`, `object_type_id`, `object_id`, `assessment_type_id`, `created_at`, `updated_at`) VALUES ('50', 2, '74', 3, '2020-01-02 05:30:19', '1993-06-18 05:40:01');
INSERT INTO `assessments` (`channel_id`, `object_type_id`, `object_id`, `assessment_type_id`, `created_at`, `updated_at`) VALUES ('50', 2, '2', 1, '1985-02-03 13:42:24', '2017-05-30 07:54:28');
INSERT INTO `assessments` (`channel_id`, `object_type_id`, `object_id`, `assessment_type_id`, `created_at`, `updated_at`) VALUES ('89', 2, '6', 2, '2001-08-13 10:07:06', '1990-03-09 00:38:38');
INSERT INTO `assessments` (`channel_id`, `object_type_id`, `object_id`, `assessment_type_id`, `created_at`, `updated_at`) VALUES ('27', 1, '50', 1, '2009-12-26 14:59:43', '1997-02-03 09:24:02');
INSERT INTO `assessments` (`channel_id`, `object_type_id`, `object_id`, `assessment_type_id`, `created_at`, `updated_at`) VALUES ('45', 2, '14', 2, '2009-01-27 06:30:07', '2003-05-15 01:28:14');
INSERT INTO `assessments` (`channel_id`, `object_type_id`, `object_id`, `assessment_type_id`, `created_at`, `updated_at`) VALUES ('84', 2, '5', 2, '1975-09-04 00:19:13', '1994-06-03 13:15:17');
INSERT INTO `assessments` (`channel_id`, `object_type_id`, `object_id`, `assessment_type_id`, `created_at`, `updated_at`) VALUES ('59', 1, '40', 1, '2015-10-30 19:46:07', '1982-04-29 12:54:07');
INSERT INTO `assessments` (`channel_id`, `object_type_id`, `object_id`, `assessment_type_id`, `created_at`, `updated_at`) VALUES ('63', 1, '13', 1, '2014-06-17 22:26:36', '2007-09-01 10:22:41');
INSERT INTO `assessments` (`channel_id`, `object_type_id`, `object_id`, `assessment_type_id`, `created_at`, `updated_at`) VALUES ('20', 1, '44', 3, '1981-12-19 10:54:14', '2019-09-18 17:31:03');
INSERT INTO `assessments` (`channel_id`, `object_type_id`, `object_id`, `assessment_type_id`, `created_at`, `updated_at`) VALUES ('43', 2, '69', 2, '1980-12-02 01:19:36', '1972-07-12 13:15:32');
INSERT INTO `assessments` (`channel_id`, `object_type_id`, `object_id`, `assessment_type_id`, `created_at`, `updated_at`) VALUES ('40', 1, '20', 3, '2016-07-18 00:53:09', '2013-06-04 02:11:53');
INSERT INTO `assessments` (`channel_id`, `object_type_id`, `object_id`, `assessment_type_id`, `created_at`, `updated_at`) VALUES ('22', 1, '7', 2, '1975-09-26 15:26:50', '1999-12-14 02:09:35');
INSERT INTO `assessments` (`channel_id`, `object_type_id`, `object_id`, `assessment_type_id`, `created_at`, `updated_at`) VALUES ('96', 2, '24', 3, '2019-11-10 00:30:38', '1999-02-18 08:53:35');
INSERT INTO `assessments` (`channel_id`, `object_type_id`, `object_id`, `assessment_type_id`, `created_at`, `updated_at`) VALUES ('72', 2, '93', 1, '1986-03-12 03:22:59', '1991-05-05 06:30:44');
INSERT INTO `assessments` (`channel_id`, `object_type_id`, `object_id`, `assessment_type_id`, `created_at`, `updated_at`) VALUES ('65', 1, '19', 2, '1983-12-04 08:10:17', '1981-07-04 21:50:54');
INSERT INTO `assessments` (`channel_id`, `object_type_id`, `object_id`, `assessment_type_id`, `created_at`, `updated_at`) VALUES ('6', 1, '87', 1, '1977-05-04 15:32:42', '1978-06-12 18:09:01');
INSERT INTO `assessments` (`channel_id`, `object_type_id`, `object_id`, `assessment_type_id`, `created_at`, `updated_at`) VALUES ('27', 1, '85', 1, '2019-04-28 04:48:05', '1991-01-04 00:06:26');
INSERT INTO `assessments` (`channel_id`, `object_type_id`, `object_id`, `assessment_type_id`, `created_at`, `updated_at`) VALUES ('59', 1, '29', 1, '2011-02-18 06:59:33', '1986-07-18 05:00:53');
INSERT INTO `assessments` (`channel_id`, `object_type_id`, `object_id`, `assessment_type_id`, `created_at`, `updated_at`) VALUES ('57', 1, '26', 3, '1971-02-07 21:52:24', '1974-10-09 05:34:48');
INSERT INTO `assessments` (`channel_id`, `object_type_id`, `object_id`, `assessment_type_id`, `created_at`, `updated_at`) VALUES ('50', 1, '67', 2, '1982-11-25 02:22:13', '1982-05-27 14:22:54');
INSERT INTO `assessments` (`channel_id`, `object_type_id`, `object_id`, `assessment_type_id`, `created_at`, `updated_at`) VALUES ('66', 2, '81', 2, '1974-07-19 06:47:08', '1987-01-10 15:45:08');
INSERT INTO `assessments` (`channel_id`, `object_type_id`, `object_id`, `assessment_type_id`, `created_at`, `updated_at`) VALUES ('86', 2, '12', 1, '1983-03-09 09:18:22', '2015-06-01 09:30:54');
INSERT INTO `assessments` (`channel_id`, `object_type_id`, `object_id`, `assessment_type_id`, `created_at`, `updated_at`) VALUES ('52', 2, '45', 1, '1997-10-29 23:56:56', '2005-10-04 04:25:17');
INSERT INTO `assessments` (`channel_id`, `object_type_id`, `object_id`, `assessment_type_id`, `created_at`, `updated_at`) VALUES ('3', 1, '14', 1, '1998-08-25 20:03:21', '1974-04-02 21:10:31');
INSERT INTO `assessments` (`channel_id`, `object_type_id`, `object_id`, `assessment_type_id`, `created_at`, `updated_at`) VALUES ('62', 1, '41', 1, '1984-11-12 10:53:13', '1996-09-09 11:36:16');
INSERT INTO `assessments` (`channel_id`, `object_type_id`, `object_id`, `assessment_type_id`, `created_at`, `updated_at`) VALUES ('46', 1, '83', 3, '1981-04-21 12:55:43', '2014-09-14 13:42:04');
INSERT INTO `assessments` (`channel_id`, `object_type_id`, `object_id`, `assessment_type_id`, `created_at`, `updated_at`) VALUES ('95', 2, '16', 3, '2007-04-17 00:13:48', '2008-01-24 18:28:27');
INSERT INTO `assessments` (`channel_id`, `object_type_id`, `object_id`, `assessment_type_id`, `created_at`, `updated_at`) VALUES ('72', 1, '67', 2, '2015-04-01 15:29:40', '1972-05-09 06:58:47');
INSERT INTO `assessments` (`channel_id`, `object_type_id`, `object_id`, `assessment_type_id`, `created_at`, `updated_at`) VALUES ('13', 2, '37', 1, '1970-07-24 07:14:03', '1996-03-05 22:34:54');
INSERT INTO `assessments` (`channel_id`, `object_type_id`, `object_id`, `assessment_type_id`, `created_at`, `updated_at`) VALUES ('70', 2, '73', 1, '1994-10-06 19:50:01', '1989-08-07 12:59:24');
INSERT INTO `assessments` (`channel_id`, `object_type_id`, `object_id`, `assessment_type_id`, `created_at`, `updated_at`) VALUES ('88', 1, '90', 3, '2008-05-17 07:23:16', '1989-02-20 19:26:06');
INSERT INTO `assessments` (`channel_id`, `object_type_id`, `object_id`, `assessment_type_id`, `created_at`, `updated_at`) VALUES ('67', 1, '86', 3, '1987-05-29 00:32:07', '2017-06-01 00:28:23');
INSERT INTO `assessments` (`channel_id`, `object_type_id`, `object_id`, `assessment_type_id`, `created_at`, `updated_at`) VALUES ('28', 1, '92', 3, '1995-01-22 20:23:07', '2002-03-08 09:18:26');
INSERT INTO `assessments` (`channel_id`, `object_type_id`, `object_id`, `assessment_type_id`, `created_at`, `updated_at`) VALUES ('7', 2, '80', 1, '2010-08-04 14:48:40', '2009-07-16 15:55:34');
INSERT INTO `assessments` (`channel_id`, `object_type_id`, `object_id`, `assessment_type_id`, `created_at`, `updated_at`) VALUES ('23', 2, '70', 1, '1970-07-16 17:21:29', '1970-01-15 15:57:31');
INSERT INTO `assessments` (`channel_id`, `object_type_id`, `object_id`, `assessment_type_id`, `created_at`, `updated_at`) VALUES ('37', 2, '59', 1, '2004-03-04 05:10:34', '2005-02-08 08:43:33');
INSERT INTO `assessments` (`channel_id`, `object_type_id`, `object_id`, `assessment_type_id`, `created_at`, `updated_at`) VALUES ('50', 2, '67', 3, '1978-07-16 19:40:43', '2013-03-01 09:57:50');
INSERT INTO `assessments` (`channel_id`, `object_type_id`, `object_id`, `assessment_type_id`, `created_at`, `updated_at`) VALUES ('66', 1, '72', 1, '1995-09-11 18:13:01', '1988-02-24 12:32:34');
INSERT INTO `assessments` (`channel_id`, `object_type_id`, `object_id`, `assessment_type_id`, `created_at`, `updated_at`) VALUES ('83', 2, '18', 3, '1986-03-28 19:23:42', '2001-11-29 19:33:03');


INSERT INTO `channels` (`id`, `name`, `condition_type_id`, `created_at`, `updated_at`) VALUES ('1', 'nihil', 2, '2015-01-26 13:03:53', '2017-02-26 07:37:22');
INSERT INTO `channels` (`id`, `name`, `condition_type_id`, `created_at`, `updated_at`) VALUES ('2', 'ea', 2, '1998-08-07 01:08:31', '1983-03-05 10:34:08');
INSERT INTO `channels` (`id`, `name`, `condition_type_id`, `created_at`, `updated_at`) VALUES ('3', 'dolores', 1, '1972-04-01 22:36:39', '1999-03-27 03:30:06');
INSERT INTO `channels` (`id`, `name`, `condition_type_id`, `created_at`, `updated_at`) VALUES ('4', 'et', 2, '1978-07-15 02:16:55', '1973-07-06 10:09:01');
INSERT INTO `channels` (`id`, `name`, `condition_type_id`, `created_at`, `updated_at`) VALUES ('5', 'provident', 1, '2016-05-31 21:49:58', '2007-06-03 14:36:38');
INSERT INTO `channels` (`id`, `name`, `condition_type_id`, `created_at`, `updated_at`) VALUES ('6', 'et', 2, '2008-11-01 08:10:39', '1989-03-29 07:24:35');
INSERT INTO `channels` (`id`, `name`, `condition_type_id`, `created_at`, `updated_at`) VALUES ('7', 'optio', 2, '2006-02-01 05:06:00', '1971-04-28 07:27:48');
INSERT INTO `channels` (`id`, `name`, `condition_type_id`, `created_at`, `updated_at`) VALUES ('8', 'eum', 1, '2002-08-15 21:38:23', '1983-09-19 16:50:31');
INSERT INTO `channels` (`id`, `name`, `condition_type_id`, `created_at`, `updated_at`) VALUES ('9', 'a', 1, '1989-01-20 04:23:52', '2017-08-09 21:44:47');
INSERT INTO `channels` (`id`, `name`, `condition_type_id`, `created_at`, `updated_at`) VALUES ('10', 'sint', 1, '1997-12-04 17:25:17', '2018-05-16 21:51:56');
INSERT INTO `channels` (`id`, `name`, `condition_type_id`, `created_at`, `updated_at`) VALUES ('11', 'molestiae', 2, '2001-11-25 11:41:15', '1983-11-12 17:06:16');
INSERT INTO `channels` (`id`, `name`, `condition_type_id`, `created_at`, `updated_at`) VALUES ('12', 'consequatur', 2, '1987-03-11 14:26:32', '1974-09-20 22:28:48');
INSERT INTO `channels` (`id`, `name`, `condition_type_id`, `created_at`, `updated_at`) VALUES ('13', 'consequatur', 2, '1973-05-09 14:41:33', '2016-07-17 11:17:15');
INSERT INTO `channels` (`id`, `name`, `condition_type_id`, `created_at`, `updated_at`) VALUES ('14', 'perspiciatis', 1, '1979-11-27 05:18:34', '2008-10-15 02:57:35');
INSERT INTO `channels` (`id`, `name`, `condition_type_id`, `created_at`, `updated_at`) VALUES ('15', 'ducimus', 2, '2004-09-08 19:00:18', '1971-07-04 11:40:58');
INSERT INTO `channels` (`id`, `name`, `condition_type_id`, `created_at`, `updated_at`) VALUES ('16', 'asperiores', 2, '1977-12-16 05:07:02', '1974-04-05 03:16:36');
INSERT INTO `channels` (`id`, `name`, `condition_type_id`, `created_at`, `updated_at`) VALUES ('17', 'quasi', 2, '1987-07-09 13:25:49', '2006-05-06 20:39:19');
INSERT INTO `channels` (`id`, `name`, `condition_type_id`, `created_at`, `updated_at`) VALUES ('18', 'autem', 1, '1971-06-18 01:40:22', '2000-06-13 13:19:58');
INSERT INTO `channels` (`id`, `name`, `condition_type_id`, `created_at`, `updated_at`) VALUES ('19', 'pariatur', 1, '2011-04-14 13:13:46', '2014-09-28 09:22:14');
INSERT INTO `channels` (`id`, `name`, `condition_type_id`, `created_at`, `updated_at`) VALUES ('20', 'et', 2, '2012-08-02 13:46:28', '2015-02-24 15:49:19');
INSERT INTO `channels` (`id`, `name`, `condition_type_id`, `created_at`, `updated_at`) VALUES ('21', 'dolores', 1, '1972-01-01 05:02:22', '1984-11-23 02:34:27');
INSERT INTO `channels` (`id`, `name`, `condition_type_id`, `created_at`, `updated_at`) VALUES ('22', 'ratione', 2, '1996-04-17 20:25:16', '2011-04-02 02:13:38');
INSERT INTO `channels` (`id`, `name`, `condition_type_id`, `created_at`, `updated_at`) VALUES ('23', 'qui', 2, '1975-07-10 06:15:52', '1982-12-13 07:51:39');
INSERT INTO `channels` (`id`, `name`, `condition_type_id`, `created_at`, `updated_at`) VALUES ('24', 'eum', 1, '1975-01-25 23:59:55', '1992-04-05 09:39:31');
INSERT INTO `channels` (`id`, `name`, `condition_type_id`, `created_at`, `updated_at`) VALUES ('25', 'animi', 1, '1986-01-01 12:33:51', '2011-06-11 19:29:28');
INSERT INTO `channels` (`id`, `name`, `condition_type_id`, `created_at`, `updated_at`) VALUES ('26', 'corporis', 2, '1983-09-15 03:49:03', '1972-05-04 16:15:26');
INSERT INTO `channels` (`id`, `name`, `condition_type_id`, `created_at`, `updated_at`) VALUES ('27', 'quaerat', 2, '2017-07-25 16:22:55', '1987-06-25 15:11:09');
INSERT INTO `channels` (`id`, `name`, `condition_type_id`, `created_at`, `updated_at`) VALUES ('28', 'aut', 2, '2016-09-09 07:23:33', '1975-12-05 19:59:28');
INSERT INTO `channels` (`id`, `name`, `condition_type_id`, `created_at`, `updated_at`) VALUES ('29', 'expedita', 1, '1981-05-28 18:26:11', '1985-11-30 17:32:17');
INSERT INTO `channels` (`id`, `name`, `condition_type_id`, `created_at`, `updated_at`) VALUES ('30', 'consequatur', 1, '1976-10-07 08:30:55', '2002-12-03 03:14:09');
INSERT INTO `channels` (`id`, `name`, `condition_type_id`, `created_at`, `updated_at`) VALUES ('31', 'earum', 2, '1982-02-24 02:01:42', '1984-01-01 01:28:08');
INSERT INTO `channels` (`id`, `name`, `condition_type_id`, `created_at`, `updated_at`) VALUES ('32', 'voluptates', 1, '1985-02-05 02:42:08', '1984-06-21 15:49:06');
INSERT INTO `channels` (`id`, `name`, `condition_type_id`, `created_at`, `updated_at`) VALUES ('33', 'quod', 1, '1998-11-13 10:15:51', '2004-07-20 13:49:25');
INSERT INTO `channels` (`id`, `name`, `condition_type_id`, `created_at`, `updated_at`) VALUES ('34', 'debitis', 1, '2010-07-28 06:04:26', '1982-11-11 23:56:12');
INSERT INTO `channels` (`id`, `name`, `condition_type_id`, `created_at`, `updated_at`) VALUES ('35', 'voluptas', 1, '1991-10-28 07:41:20', '2014-05-26 05:17:53');
INSERT INTO `channels` (`id`, `name`, `condition_type_id`, `created_at`, `updated_at`) VALUES ('36', 'excepturi', 1, '1975-03-05 22:52:26', '1989-11-09 13:04:55');
INSERT INTO `channels` (`id`, `name`, `condition_type_id`, `created_at`, `updated_at`) VALUES ('37', 'modi', 1, '2003-11-09 04:15:06', '2005-09-15 21:04:30');
INSERT INTO `channels` (`id`, `name`, `condition_type_id`, `created_at`, `updated_at`) VALUES ('38', 'quia', 2, '2006-11-12 16:03:09', '1976-05-01 23:07:20');
INSERT INTO `channels` (`id`, `name`, `condition_type_id`, `created_at`, `updated_at`) VALUES ('39', 'ipsum', 1, '2000-07-25 17:27:52', '1999-12-30 16:03:51');
INSERT INTO `channels` (`id`, `name`, `condition_type_id`, `created_at`, `updated_at`) VALUES ('40', 'nulla', 2, '1971-08-05 15:57:54', '1976-01-25 13:00:39');
INSERT INTO `channels` (`id`, `name`, `condition_type_id`, `created_at`, `updated_at`) VALUES ('41', 'commodi', 2, '2016-04-14 06:12:03', '1977-06-19 14:37:48');
INSERT INTO `channels` (`id`, `name`, `condition_type_id`, `created_at`, `updated_at`) VALUES ('42', 'quisquam', 1, '2011-03-02 07:29:31', '1978-12-13 03:58:46');
INSERT INTO `channels` (`id`, `name`, `condition_type_id`, `created_at`, `updated_at`) VALUES ('43', 'consequatur', 2, '1973-07-31 11:56:39', '1978-04-01 08:43:27');
INSERT INTO `channels` (`id`, `name`, `condition_type_id`, `created_at`, `updated_at`) VALUES ('44', 'soluta', 1, '1979-01-03 06:02:25', '2003-05-29 12:59:57');
INSERT INTO `channels` (`id`, `name`, `condition_type_id`, `created_at`, `updated_at`) VALUES ('45', 'quia', 2, '2003-01-19 16:16:16', '1974-12-18 18:20:14');
INSERT INTO `channels` (`id`, `name`, `condition_type_id`, `created_at`, `updated_at`) VALUES ('46', 'sed', 2, '1971-12-25 09:23:25', '2000-05-25 17:11:18');
INSERT INTO `channels` (`id`, `name`, `condition_type_id`, `created_at`, `updated_at`) VALUES ('47', 'quia', 1, '2012-03-25 19:35:20', '1979-01-13 01:55:49');
INSERT INTO `channels` (`id`, `name`, `condition_type_id`, `created_at`, `updated_at`) VALUES ('48', 'aut', 2, '2011-05-17 18:37:41', '1975-06-14 16:34:28');
INSERT INTO `channels` (`id`, `name`, `condition_type_id`, `created_at`, `updated_at`) VALUES ('49', 'ad', 2, '2004-12-16 00:46:59', '1985-03-30 15:25:50');
INSERT INTO `channels` (`id`, `name`, `condition_type_id`, `created_at`, `updated_at`) VALUES ('50', 'est', 2, '1995-08-23 12:31:52', '2006-05-10 02:56:42');
INSERT INTO `channels` (`id`, `name`, `condition_type_id`, `created_at`, `updated_at`) VALUES ('51', 'est', 1, '1986-10-05 11:01:45', '2020-02-01 18:57:53');
INSERT INTO `channels` (`id`, `name`, `condition_type_id`, `created_at`, `updated_at`) VALUES ('52', 'porro', 1, '1973-09-17 18:37:06', '1996-04-26 08:35:29');
INSERT INTO `channels` (`id`, `name`, `condition_type_id`, `created_at`, `updated_at`) VALUES ('53', 'nam', 2, '1981-01-04 13:46:54', '1976-05-27 09:36:24');
INSERT INTO `channels` (`id`, `name`, `condition_type_id`, `created_at`, `updated_at`) VALUES ('54', 'tempore', 1, '1990-02-09 23:32:31', '2019-10-17 12:37:36');
INSERT INTO `channels` (`id`, `name`, `condition_type_id`, `created_at`, `updated_at`) VALUES ('55', 'expedita', 1, '1971-10-29 01:21:02', '1976-12-03 10:59:11');
INSERT INTO `channels` (`id`, `name`, `condition_type_id`, `created_at`, `updated_at`) VALUES ('56', 'atque', 1, '1997-11-18 08:30:39', '1970-06-23 10:35:11');
INSERT INTO `channels` (`id`, `name`, `condition_type_id`, `created_at`, `updated_at`) VALUES ('57', 'corrupti', 2, '1998-12-02 10:53:19', '2007-12-23 21:05:22');
INSERT INTO `channels` (`id`, `name`, `condition_type_id`, `created_at`, `updated_at`) VALUES ('58', 'qui', 2, '1970-04-23 10:30:05', '1997-03-09 14:13:38');
INSERT INTO `channels` (`id`, `name`, `condition_type_id`, `created_at`, `updated_at`) VALUES ('59', 'deserunt', 1, '1991-06-15 19:56:23', '2016-03-27 11:51:23');
INSERT INTO `channels` (`id`, `name`, `condition_type_id`, `created_at`, `updated_at`) VALUES ('60', 'aut', 2, '1994-08-20 04:52:04', '2006-06-07 19:08:21');
INSERT INTO `channels` (`id`, `name`, `condition_type_id`, `created_at`, `updated_at`) VALUES ('61', 'dolor', 1, '2009-12-12 13:18:01', '2012-12-20 17:35:02');
INSERT INTO `channels` (`id`, `name`, `condition_type_id`, `created_at`, `updated_at`) VALUES ('62', 'nulla', 2, '1990-12-02 21:46:53', '1983-03-28 21:46:40');
INSERT INTO `channels` (`id`, `name`, `condition_type_id`, `created_at`, `updated_at`) VALUES ('63', 'incidunt', 1, '2014-01-27 21:31:24', '1989-05-05 08:37:31');
INSERT INTO `channels` (`id`, `name`, `condition_type_id`, `created_at`, `updated_at`) VALUES ('64', 'repudiandae', 2, '2012-09-11 14:33:34', '1972-07-09 22:42:47');
INSERT INTO `channels` (`id`, `name`, `condition_type_id`, `created_at`, `updated_at`) VALUES ('65', 'modi', 2, '2009-08-14 23:51:56', '1987-02-18 00:56:16');
INSERT INTO `channels` (`id`, `name`, `condition_type_id`, `created_at`, `updated_at`) VALUES ('66', 'non', 1, '1986-09-19 16:45:46', '2002-06-23 11:10:23');
INSERT INTO `channels` (`id`, `name`, `condition_type_id`, `created_at`, `updated_at`) VALUES ('67', 'enim', 1, '2010-10-09 05:25:15', '2017-12-10 17:46:59');
INSERT INTO `channels` (`id`, `name`, `condition_type_id`, `created_at`, `updated_at`) VALUES ('68', 'itaque', 1, '2017-01-15 00:06:59', '2014-11-17 18:17:41');
INSERT INTO `channels` (`id`, `name`, `condition_type_id`, `created_at`, `updated_at`) VALUES ('69', 'sint', 1, '2014-07-20 17:16:22', '2012-01-24 14:17:38');
INSERT INTO `channels` (`id`, `name`, `condition_type_id`, `created_at`, `updated_at`) VALUES ('70', 'qui', 1, '1995-10-23 13:59:31', '1986-03-18 14:55:25');
INSERT INTO `channels` (`id`, `name`, `condition_type_id`, `created_at`, `updated_at`) VALUES ('71', 'nisi', 2, '2018-07-02 20:44:24', '2016-07-22 03:31:20');
INSERT INTO `channels` (`id`, `name`, `condition_type_id`, `created_at`, `updated_at`) VALUES ('72', 'voluptatem', 2, '1996-05-13 09:34:50', '1991-08-13 19:13:28');
INSERT INTO `channels` (`id`, `name`, `condition_type_id`, `created_at`, `updated_at`) VALUES ('73', 'sint', 2, '1996-09-30 20:56:48', '2018-07-18 10:09:14');
INSERT INTO `channels` (`id`, `name`, `condition_type_id`, `created_at`, `updated_at`) VALUES ('74', 'adipisci', 1, '2012-08-29 00:41:54', '2006-07-23 07:55:49');
INSERT INTO `channels` (`id`, `name`, `condition_type_id`, `created_at`, `updated_at`) VALUES ('75', 'libero', 2, '2008-01-24 11:18:53', '2005-01-30 02:19:36');
INSERT INTO `channels` (`id`, `name`, `condition_type_id`, `created_at`, `updated_at`) VALUES ('76', 'consequuntur', 1, '1998-12-18 02:47:20', '1993-01-01 13:37:19');
INSERT INTO `channels` (`id`, `name`, `condition_type_id`, `created_at`, `updated_at`) VALUES ('77', 'et', 2, '1993-05-09 03:19:38', '2010-01-24 09:44:47');
INSERT INTO `channels` (`id`, `name`, `condition_type_id`, `created_at`, `updated_at`) VALUES ('78', 'qui', 2, '2008-08-22 11:03:25', '2016-03-14 06:42:48');
INSERT INTO `channels` (`id`, `name`, `condition_type_id`, `created_at`, `updated_at`) VALUES ('79', 'dolorem', 1, '2004-12-12 18:00:06', '2011-05-07 05:01:32');
INSERT INTO `channels` (`id`, `name`, `condition_type_id`, `created_at`, `updated_at`) VALUES ('80', 'quod', 1, '1986-04-20 05:01:38', '1996-04-03 01:16:32');
INSERT INTO `channels` (`id`, `name`, `condition_type_id`, `created_at`, `updated_at`) VALUES ('81', 'aut', 1, '2012-05-14 13:39:55', '1988-06-15 12:00:46');
INSERT INTO `channels` (`id`, `name`, `condition_type_id`, `created_at`, `updated_at`) VALUES ('82', 'sint', 1, '1990-07-16 05:59:14', '1991-10-08 09:01:07');
INSERT INTO `channels` (`id`, `name`, `condition_type_id`, `created_at`, `updated_at`) VALUES ('83', 'recusandae', 1, '1993-11-23 11:22:59', '2018-03-20 22:47:02');
INSERT INTO `channels` (`id`, `name`, `condition_type_id`, `created_at`, `updated_at`) VALUES ('84', 'aspernatur', 1, '1981-05-23 13:43:44', '1980-08-04 11:12:43');
INSERT INTO `channels` (`id`, `name`, `condition_type_id`, `created_at`, `updated_at`) VALUES ('85', 'tempore', 2, '1975-08-12 15:34:52', '2009-02-05 16:42:15');
INSERT INTO `channels` (`id`, `name`, `condition_type_id`, `created_at`, `updated_at`) VALUES ('86', 'repudiandae', 2, '1990-10-20 18:36:57', '1992-02-17 19:12:17');
INSERT INTO `channels` (`id`, `name`, `condition_type_id`, `created_at`, `updated_at`) VALUES ('87', 'rerum', 2, '1996-11-27 12:51:13', '1985-01-16 05:25:30');
INSERT INTO `channels` (`id`, `name`, `condition_type_id`, `created_at`, `updated_at`) VALUES ('88', 'ut', 2, '2018-11-24 23:03:17', '1970-11-02 15:20:42');
INSERT INTO `channels` (`id`, `name`, `condition_type_id`, `created_at`, `updated_at`) VALUES ('89', 'minus', 2, '1980-01-03 09:19:57', '1979-12-14 08:45:53');
INSERT INTO `channels` (`id`, `name`, `condition_type_id`, `created_at`, `updated_at`) VALUES ('90', 'et', 2, '2004-04-13 03:01:55', '1978-08-26 11:05:47');
INSERT INTO `channels` (`id`, `name`, `condition_type_id`, `created_at`, `updated_at`) VALUES ('91', 'quod', 2, '2014-03-07 14:11:24', '2009-07-06 12:04:08');
INSERT INTO `channels` (`id`, `name`, `condition_type_id`, `created_at`, `updated_at`) VALUES ('92', 'vitae', 2, '2018-07-20 05:38:04', '1990-12-01 00:11:50');
INSERT INTO `channels` (`id`, `name`, `condition_type_id`, `created_at`, `updated_at`) VALUES ('93', 'autem', 2, '2017-08-23 12:00:08', '1988-04-01 23:51:58');
INSERT INTO `channels` (`id`, `name`, `condition_type_id`, `created_at`, `updated_at`) VALUES ('94', 'cupiditate', 1, '1989-04-01 00:59:44', '1993-06-02 16:41:08');
INSERT INTO `channels` (`id`, `name`, `condition_type_id`, `created_at`, `updated_at`) VALUES ('95', 'magni', 1, '2017-05-26 06:49:45', '2009-11-19 22:44:50');
INSERT INTO `channels` (`id`, `name`, `condition_type_id`, `created_at`, `updated_at`) VALUES ('96', 'eius', 1, '1993-08-01 21:38:07', '2014-01-26 18:50:17');
INSERT INTO `channels` (`id`, `name`, `condition_type_id`, `created_at`, `updated_at`) VALUES ('97', 'reprehenderit', 2, '1994-01-29 20:07:40', '1976-06-25 19:45:15');
INSERT INTO `channels` (`id`, `name`, `condition_type_id`, `created_at`, `updated_at`) VALUES ('98', 'facilis', 1, '1982-07-21 13:28:17', '2000-06-19 08:49:42');
INSERT INTO `channels` (`id`, `name`, `condition_type_id`, `created_at`, `updated_at`) VALUES ('99', 'sequi', 2, '1995-09-12 11:39:28', '2007-02-18 07:59:34');
INSERT INTO `channels` (`id`, `name`, `condition_type_id`, `created_at`, `updated_at`) VALUES ('100', 'dolorem', 2, '1999-11-01 14:14:05', '1990-08-01 05:09:58');


INSERT INTO `videos` (`id`, `name`, `link`, `views`, `longest`, `description`, `size`, `channel_id`, `created_at`, `updated_at`) VALUES ('1', 'voluptatum', 'http://koepp.net/', 6789945, '01:01:50', 'Eius vero optio vel at voluptatum at ut. Repellat aut ex dolorem et. Ut quam eos provident eos conse', 127, '92', '1974-06-26 05:23:01', '2017-08-14 16:39:21');
INSERT INTO `videos` (`id`, `name`, `link`, `views`, `longest`, `description`, `size`, `channel_id`, `created_at`, `updated_at`) VALUES ('2', 'similique', 'http://collier.com/', 8, '14:24:49', 'Sequi inventore et quae tempore voluptatem quisquam optio laboriosam. Voluptas ullam perspiciatis qu', 0, '92', '2018-04-08 08:09:03', '2014-07-29 03:20:32');
INSERT INTO `videos` (`id`, `name`, `link`, `views`, `longest`, `description`, `size`, `channel_id`, `created_at`, `updated_at`) VALUES ('3', 'debitis', 'http://franecki.com/', 0, '16:28:54', 'Reiciendis id cupiditate officiis atque. Quia eos quia rerum et dolorem. Ipsum est omnis nesciunt do', 127, '24', '1986-04-22 06:03:46', '2009-12-05 03:19:49');
INSERT INTO `videos` (`id`, `name`, `link`, `views`, `longest`, `description`, `size`, `channel_id`, `created_at`, `updated_at`) VALUES ('4', 'rerum', 'http://www.cruickshankblock.org/', 1080, '08:23:48', 'Quo temporibus quis minus quia id laboriosam. Minima praesentium libero hic nemo ducimus quos. Non s', 3, '76', '1992-08-11 18:32:28', '1970-02-08 00:26:02');
INSERT INTO `videos` (`id`, `name`, `link`, `views`, `longest`, `description`, `size`, `channel_id`, `created_at`, `updated_at`) VALUES ('5', 'occaecati', 'http://www.russelmcdermott.info/', 0, '12:55:26', 'Ab eveniet in quisquam hic maiores officiis non. Suscipit expedita optio commodi dolores. Ratione re', 127, '8', '1981-12-03 07:28:37', '1987-01-09 07:34:23');
INSERT INTO `videos` (`id`, `name`, `link`, `views`, `longest`, `description`, `size`, `channel_id`, `created_at`, `updated_at`) VALUES ('6', 'in', 'http://www.nikolaus.com/', 42603614, '01:57:02', 'Libero tempore consequatur occaecati eos tempora. Sapiente quo doloribus amet architecto sint amet r', 127, '60', '1984-08-11 22:58:58', '1995-03-10 08:16:33');
INSERT INTO `videos` (`id`, `name`, `link`, `views`, `longest`, `description`, `size`, `channel_id`, `created_at`, `updated_at`) VALUES ('7', 'explicabo', 'http://connellybrakus.com/', 6821546, '18:17:31', 'Recusandae eveniet iste rerum alias. Debitis enim dolorum qui doloremque in. Architecto ex autem hic', 0, '58', '1976-08-11 13:33:15', '2018-08-01 08:23:56');
INSERT INTO `videos` (`id`, `name`, `link`, `views`, `longest`, `description`, `size`, `channel_id`, `created_at`, `updated_at`) VALUES ('8', 'consequuntur', 'http://turnerdoyle.com/', 32614085, '14:14:36', 'Quasi ea ut recusandae voluptatem. Earum consequatur vero exercitationem tempora laborum. Eos volupt', 30, '67', '1978-03-11 07:00:39', '1970-02-15 23:04:07');
INSERT INTO `videos` (`id`, `name`, `link`, `views`, `longest`, `description`, `size`, `channel_id`, `created_at`, `updated_at`) VALUES ('9', 'officia', 'http://www.koelpinheidenreich.info/', 148577615, '10:52:04', 'Quisquam eum et sed est aut assumenda et ad. Rem commodi perspiciatis ea voluptatem. Dolorem velit n', 127, '36', '1998-04-12 14:31:36', '1973-08-31 12:21:41');
INSERT INTO `videos` (`id`, `name`, `link`, `views`, `longest`, `description`, `size`, `channel_id`, `created_at`, `updated_at`) VALUES ('10', 'similique', 'http://www.mccluredamore.org/', 983884, '13:49:02', 'Et aperiam unde tenetur quia at. Asperiores repellat nam quaerat labore ut neque cum quia. Amet dele', 127, '95', '1987-05-08 02:47:55', '1996-04-22 14:29:08');
INSERT INTO `videos` (`id`, `name`, `link`, `views`, `longest`, `description`, `size`, `channel_id`, `created_at`, `updated_at`) VALUES ('11', 'voluptatum', 'http://www.corkery.biz/', 0, '02:30:47', 'Earum quod fugit voluptatem. Odit iste soluta tenetur vitae. Consequatur tenetur sed et qui hic. Qui', 127, '4', '1986-12-26 17:34:28', '1990-05-13 13:27:05');
INSERT INTO `videos` (`id`, `name`, `link`, `views`, `longest`, `description`, `size`, `channel_id`, `created_at`, `updated_at`) VALUES ('12', 'possimus', 'http://streich.com/', 5702, '17:42:40', 'Voluptas officia atque fugit odit quas. Eum et est laudantium. Quo cupiditate corporis facilis volup', 29, '7', '2005-06-25 10:09:06', '2011-08-20 19:33:53');
INSERT INTO `videos` (`id`, `name`, `link`, `views`, `longest`, `description`, `size`, `channel_id`, `created_at`, `updated_at`) VALUES ('13', 'molestiae', 'http://shields.info/', 22, '09:25:22', 'Aperiam quas non itaque ea. Voluptatem natus odit eum voluptas quae debitis. Dolor totam illum asper', 127, '8', '1975-02-04 09:03:05', '2018-06-16 07:35:48');
INSERT INTO `videos` (`id`, `name`, `link`, `views`, `longest`, `description`, `size`, `channel_id`, `created_at`, `updated_at`) VALUES ('14', 'error', 'http://bruenbartell.com/', 0, '14:36:27', 'Dolorum repellendus voluptatem nostrum neque eos quasi quis. Et vel eaque doloribus aliquam exercita', 3, '69', '1975-01-27 01:45:25', '1995-02-20 10:18:24');
INSERT INTO `videos` (`id`, `name`, `link`, `views`, `longest`, `description`, `size`, `channel_id`, `created_at`, `updated_at`) VALUES ('15', 'voluptatem', 'http://wolf.org/', 0, '13:45:37', 'Laudantium magnam expedita ut excepturi culpa reprehenderit. Et repellendus et et et sit rem est tem', 0, '2', '1979-05-31 12:22:58', '1984-06-17 22:56:32');
INSERT INTO `videos` (`id`, `name`, `link`, `views`, `longest`, `description`, `size`, `channel_id`, `created_at`, `updated_at`) VALUES ('16', 'culpa', 'http://www.lynch.net/', 815549389, '11:38:30', 'Inventore corrupti ut minima assumenda aliquam eius fuga. Est ea alias dolorum dolores voluptatem. C', 127, '44', '1988-08-25 04:20:27', '1978-06-14 09:37:07');
INSERT INTO `videos` (`id`, `name`, `link`, `views`, `longest`, `description`, `size`, `channel_id`, `created_at`, `updated_at`) VALUES ('17', 'nemo', 'http://www.blockweber.com/', 99802346, '15:55:48', 'Quisquam quibusdam eaque voluptatibus. Doloremque quasi voluptatem exercitationem aliquam unde. Recu', 127, '80', '1993-11-02 21:12:36', '1982-04-06 16:21:44');
INSERT INTO `videos` (`id`, `name`, `link`, `views`, `longest`, `description`, `size`, `channel_id`, `created_at`, `updated_at`) VALUES ('18', 'officiis', 'http://homenickmckenzie.info/', 322357, '19:29:08', 'Voluptatibus reprehenderit corrupti nihil numquam corrupti. Nisi beatae autem nesciunt perferendis m', 127, '59', '1998-07-29 10:17:57', '1995-05-13 22:36:18');
INSERT INTO `videos` (`id`, `name`, `link`, `views`, `longest`, `description`, `size`, `channel_id`, `created_at`, `updated_at`) VALUES ('19', 'iusto', 'http://christiansenblanda.com/', 58, '09:26:11', 'Reprehenderit exercitationem labore cum repudiandae id. Omnis aut numquam eligendi accusamus atque n', 127, '88', '2012-08-06 18:25:15', '1978-02-15 15:32:37');
INSERT INTO `videos` (`id`, `name`, `link`, `views`, `longest`, `description`, `size`, `channel_id`, `created_at`, `updated_at`) VALUES ('20', 'suscipit', 'http://runteprosacco.com/', 5045, '10:30:30', 'Hic nostrum distinctio saepe. Provident earum labore explicabo autem. Voluptatem non quia explicabo ', 127, '62', '2015-05-20 13:02:02', '2014-07-28 11:27:31');
INSERT INTO `videos` (`id`, `name`, `link`, `views`, `longest`, `description`, `size`, `channel_id`, `created_at`, `updated_at`) VALUES ('21', 'porro', 'http://www.olsonparker.info/', 8812, '16:57:57', 'Incidunt aspernatur veritatis reiciendis ut blanditiis. Molestias aperiam autem dolorem consectetur ', 9, '46', '2004-11-23 07:20:37', '1971-12-19 12:34:39');
INSERT INTO `videos` (`id`, `name`, `link`, `views`, `longest`, `description`, `size`, `channel_id`, `created_at`, `updated_at`) VALUES ('22', 'aut', 'http://www.bechtelarharris.com/', 60199, '22:36:52', 'Qui totam et eos repudiandae. Consequatur maxime voluptatem quisquam repellat perspiciatis. Non blan', 87, '88', '1998-12-27 03:14:37', '1972-04-21 10:07:32');
INSERT INTO `videos` (`id`, `name`, `link`, `views`, `longest`, `description`, `size`, `channel_id`, `created_at`, `updated_at`) VALUES ('23', 'ut', 'http://bogisichglover.com/', 1139, '01:04:58', 'Minus minima quis nihil soluta sit accusantium quia. Eos quia iure accusamus sint aut facere. Quaera', 127, '99', '1971-08-05 17:16:10', '2011-09-26 10:58:20');
INSERT INTO `videos` (`id`, `name`, `link`, `views`, `longest`, `description`, `size`, `channel_id`, `created_at`, `updated_at`) VALUES ('24', 'vitae', 'http://www.bogangoyette.com/', 0, '03:23:43', 'Debitis ipsa quidem odio voluptatem dolor. Sed reprehenderit blanditiis et eum voluptatem placeat. R', 127, '37', '1983-08-24 21:48:59', '1974-11-01 23:13:14');
INSERT INTO `videos` (`id`, `name`, `link`, `views`, `longest`, `description`, `size`, `channel_id`, `created_at`, `updated_at`) VALUES ('25', 'quae', 'http://www.boscohudson.com/', 989532596, '12:48:55', 'Nesciunt illum temporibus recusandae velit. Vero voluptas non doloremque mollitia porro consequatur ', 127, '80', '1970-05-26 08:00:21', '2016-08-23 00:32:32');
INSERT INTO `videos` (`id`, `name`, `link`, `views`, `longest`, `description`, `size`, `channel_id`, `created_at`, `updated_at`) VALUES ('26', 'quam', 'http://flatleylockman.biz/', 872, '13:46:40', 'Sed minus est ipsum culpa. Consequatur impedit facilis adipisci numquam. Qui officia dolorem tempori', 127, '95', '1981-11-03 02:33:16', '2006-12-25 06:10:18');
INSERT INTO `videos` (`id`, `name`, `link`, `views`, `longest`, `description`, `size`, `channel_id`, `created_at`, `updated_at`) VALUES ('27', 'ut', 'http://mcdermott.biz/', 107, '18:27:50', 'Amet minima omnis reprehenderit reprehenderit nemo. Cupiditate numquam in nostrum neque. Fugiat sunt', 0, '73', '1972-06-09 10:43:09', '1996-05-22 19:12:44');
INSERT INTO `videos` (`id`, `name`, `link`, `views`, `longest`, `description`, `size`, `channel_id`, `created_at`, `updated_at`) VALUES ('28', 'facere', 'http://www.lang.com/', 13006689, '13:16:58', 'In neque nihil et accusantium nulla nesciunt voluptatibus. Pariatur dolorum illum quia nesciunt itaq', 127, '30', '1988-01-20 09:01:44', '1990-07-09 10:40:41');
INSERT INTO `videos` (`id`, `name`, `link`, `views`, `longest`, `description`, `size`, `channel_id`, `created_at`, `updated_at`) VALUES ('29', 'exercitationem', 'http://vonrueden.com/', 0, '02:24:41', 'Eligendi facilis est modi accusantium facilis. Omnis sit et dolor nihil laborum commodi possimus. Ea', 127, '59', '1985-06-22 22:40:06', '1995-05-30 11:20:28');
INSERT INTO `videos` (`id`, `name`, `link`, `views`, `longest`, `description`, `size`, `channel_id`, `created_at`, `updated_at`) VALUES ('30', 'odio', 'http://www.steuberrippin.net/', 0, '15:17:06', 'Reiciendis veniam voluptas nam eum. Ut ut voluptatem non ratione aut. Qui temporibus cumque ipsa lau', 0, '39', '2018-03-26 19:50:58', '1972-07-15 13:59:14');
INSERT INTO `videos` (`id`, `name`, `link`, `views`, `longest`, `description`, `size`, `channel_id`, `created_at`, `updated_at`) VALUES ('31', 'neque', 'http://www.schmidt.com/', 9990617, '19:08:21', 'Maxime porro in qui voluptas. Possimus enim molestias ex ut.', 0, '29', '1998-04-29 11:08:41', '1998-07-20 08:34:28');
INSERT INTO `videos` (`id`, `name`, `link`, `views`, `longest`, `description`, `size`, `channel_id`, `created_at`, `updated_at`) VALUES ('32', 'aut', 'http://oconnell.biz/', 2628033, '15:09:21', 'Provident dignissimos velit in corporis. Dolorem dolorem reiciendis vero qui omnis pariatur. Et est ', 35, '55', '1986-10-13 03:50:31', '1989-03-14 21:30:52');
INSERT INTO `videos` (`id`, `name`, `link`, `views`, `longest`, `description`, `size`, `channel_id`, `created_at`, `updated_at`) VALUES ('33', 'et', 'http://mclaughlinlakin.com/', 71774, '20:56:43', 'Vero porro numquam quia magnam sed. Velit odit asperiores temporibus et. Inventore cupiditate dolori', 127, '61', '2018-09-20 08:06:27', '1998-12-12 21:03:16');
INSERT INTO `videos` (`id`, `name`, `link`, `views`, `longest`, `description`, `size`, `channel_id`, `created_at`, `updated_at`) VALUES ('34', 'itaque', 'http://konopelski.com/', 3895565, '09:46:31', 'Voluptatem asperiores nihil et molestias incidunt. Perferendis explicabo deserunt eos voluptatem lib', 127, '71', '1978-01-31 19:44:59', '1980-05-01 02:36:35');
INSERT INTO `videos` (`id`, `name`, `link`, `views`, `longest`, `description`, `size`, `channel_id`, `created_at`, `updated_at`) VALUES ('35', 'reiciendis', 'http://www.christiansen.com/', 4543, '16:16:34', 'Id magnam qui vero qui. Repellat dolores animi molestiae dolores est nesciunt a. Sint assumenda ex d', 127, '80', '1987-05-16 12:46:09', '1984-01-11 03:06:51');
INSERT INTO `videos` (`id`, `name`, `link`, `views`, `longest`, `description`, `size`, `channel_id`, `created_at`, `updated_at`) VALUES ('36', 'pariatur', 'http://strackeolson.com/', 4389, '16:12:57', 'Molestiae aut qui rem fugit nesciunt dolores et. Nam iure doloribus odio omnis ducimus. Blanditiis i', 127, '68', '1994-10-30 11:49:32', '2016-10-09 12:51:16');
INSERT INTO `videos` (`id`, `name`, `link`, `views`, `longest`, `description`, `size`, `channel_id`, `created_at`, `updated_at`) VALUES ('37', 'voluptatem', 'http://ornkoss.com/', 71, '09:24:54', 'Quo aut rerum dolorem deleniti. Sint sit animi exercitationem reprehenderit ab non facere. Delectus ', 127, '37', '1988-06-10 17:41:21', '2008-02-17 08:04:26');
INSERT INTO `videos` (`id`, `name`, `link`, `views`, `longest`, `description`, `size`, `channel_id`, `created_at`, `updated_at`) VALUES ('38', 'qui', 'http://www.shields.net/', 0, '06:43:34', 'Ipsam quis quo tempora omnis aut corrupti. Eum tempore id reiciendis itaque labore facilis eos disti', 127, '65', '2017-10-05 08:09:41', '1999-04-01 11:14:17');
INSERT INTO `videos` (`id`, `name`, `link`, `views`, `longest`, `description`, `size`, `channel_id`, `created_at`, `updated_at`) VALUES ('39', 'est', 'http://okunevaterry.org/', 7928440, '21:07:27', 'Quibusdam in ut voluptatem reiciendis impedit. In velit consequatur corrupti voluptate iste exceptur', 127, '29', '1986-02-10 00:47:53', '2005-11-28 17:49:10');
INSERT INTO `videos` (`id`, `name`, `link`, `views`, `longest`, `description`, `size`, `channel_id`, `created_at`, `updated_at`) VALUES ('40', 'qui', 'http://terry.com/', 3712, '07:31:51', 'Odit ut voluptas quasi sint et illum consequatur. At doloribus consequatur sed et architecto illo. I', 127, '7', '2007-08-20 21:07:30', '1975-08-10 06:41:49');
INSERT INTO `videos` (`id`, `name`, `link`, `views`, `longest`, `description`, `size`, `channel_id`, `created_at`, `updated_at`) VALUES ('41', 'animi', 'http://www.abernathycummings.com/', 7, '12:38:16', 'Fugiat non minus id at magni non. Eum molestiae impedit minus et aliquam. Quo consequatur rerum simi', 127, '67', '1977-03-20 19:13:43', '1995-07-05 20:04:16');
INSERT INTO `videos` (`id`, `name`, `link`, `views`, `longest`, `description`, `size`, `channel_id`, `created_at`, `updated_at`) VALUES ('42', 'ullam', 'http://harber.com/', 353, '15:49:38', 'Saepe dolorem nam rerum qui. Provident omnis ea libero quisquam ut dolorem cumque. Consequatur aliqu', 127, '8', '1992-02-13 07:20:50', '2001-03-08 00:37:02');
INSERT INTO `videos` (`id`, `name`, `link`, `views`, `longest`, `description`, `size`, `channel_id`, `created_at`, `updated_at`) VALUES ('43', 'voluptatem', 'http://gislason.net/', 713605, '03:43:42', 'Impedit eum et quibusdam nam velit. Ipsum non est doloremque eius ducimus distinctio porro.', 127, '24', '1987-01-01 15:48:15', '1974-01-21 00:22:05');
INSERT INTO `videos` (`id`, `name`, `link`, `views`, `longest`, `description`, `size`, `channel_id`, `created_at`, `updated_at`) VALUES ('44', 'natus', 'http://www.prosacco.com/', 183237, '22:17:37', 'Esse tenetur excepturi est vitae laborum. Ducimus et quidem recusandae nihil qui eos id illo.', 2, '42', '2017-02-23 01:10:40', '2010-05-01 12:36:19');
INSERT INTO `videos` (`id`, `name`, `link`, `views`, `longest`, `description`, `size`, `channel_id`, `created_at`, `updated_at`) VALUES ('45', 'voluptatem', 'http://hoppe.com/', 0, '21:24:41', 'Iste deserunt rerum laudantium soluta quasi molestiae. Qui omnis libero eum explicabo reiciendis exp', 127, '82', '1990-09-16 20:00:51', '2006-10-29 09:41:24');
INSERT INTO `videos` (`id`, `name`, `link`, `views`, `longest`, `description`, `size`, `channel_id`, `created_at`, `updated_at`) VALUES ('46', 'rerum', 'http://daugherty.biz/', 164, '23:09:47', 'Facere eos esse nesciunt provident repellat assumenda pariatur incidunt. Labore qui qui esse et. Et ', 127, '31', '1993-01-24 21:40:40', '1978-07-03 04:19:41');
INSERT INTO `videos` (`id`, `name`, `link`, `views`, `longest`, `description`, `size`, `channel_id`, `created_at`, `updated_at`) VALUES ('47', 'enim', 'http://cruickshank.org/', 41, '18:51:04', 'Voluptatem voluptatem quasi et maxime hic ut aliquid. Optio et et aliquam labore minus animi rem pos', 127, '38', '1985-10-22 15:26:54', '1976-09-06 00:22:59');
INSERT INTO `videos` (`id`, `name`, `link`, `views`, `longest`, `description`, `size`, `channel_id`, `created_at`, `updated_at`) VALUES ('48', 'enim', 'http://jacobibuckridge.com/', 1428581, '06:26:01', 'Porro esse libero nihil ad. Qui suscipit neque fuga similique. Non sint dicta delectus consequatur.', 127, '33', '2012-05-12 11:43:14', '2011-08-10 20:10:06');
INSERT INTO `videos` (`id`, `name`, `link`, `views`, `longest`, `description`, `size`, `channel_id`, `created_at`, `updated_at`) VALUES ('49', 'incidunt', 'http://www.gutkowski.com/', 45887169, '13:35:06', 'Rerum adipisci iure praesentium aut. Molestiae qui repellendus assumenda tenetur ullam. Amet corrupt', 127, '69', '1978-09-03 23:41:00', '2005-11-04 18:38:00');
INSERT INTO `videos` (`id`, `name`, `link`, `views`, `longest`, `description`, `size`, `channel_id`, `created_at`, `updated_at`) VALUES ('50', 'culpa', 'http://www.marks.com/', 8610, '07:35:45', 'Explicabo omnis voluptate aliquam corrupti harum voluptate. Et amet nemo eius ut sapiente corporis. ', 63, '49', '1996-08-19 16:28:29', '2018-01-15 02:24:45');
INSERT INTO `videos` (`id`, `name`, `link`, `views`, `longest`, `description`, `size`, `channel_id`, `created_at`, `updated_at`) VALUES ('51', 'consequatur', 'http://www.jacobs.com/', 976444, '03:34:33', 'Placeat non tenetur voluptatem beatae laborum. Nostrum voluptas et quia eos quia necessitatibus a. V', 127, '13', '2012-11-14 19:00:47', '1980-05-18 00:27:36');
INSERT INTO `videos` (`id`, `name`, `link`, `views`, `longest`, `description`, `size`, `channel_id`, `created_at`, `updated_at`) VALUES ('52', 'natus', 'http://www.abernathy.com/', 6351058, '17:27:13', 'Ad ea modi necessitatibus. Corporis consectetur rem sed et est et voluptates. Pariatur totam nulla a', 127, '17', '1989-08-08 08:42:16', '1983-09-14 06:38:59');
INSERT INTO `videos` (`id`, `name`, `link`, `views`, `longest`, `description`, `size`, `channel_id`, `created_at`, `updated_at`) VALUES ('53', 'officia', 'http://runteframi.info/', 98986227, '06:33:29', 'Velit facilis minus quibusdam modi non. Et nobis nulla necessitatibus porro facilis dignissimos sunt', 127, '30', '2016-03-05 20:03:58', '2008-11-19 04:43:45');
INSERT INTO `videos` (`id`, `name`, `link`, `views`, `longest`, `description`, `size`, `channel_id`, `created_at`, `updated_at`) VALUES ('54', 'nobis', 'http://kutch.com/', 4, '14:06:30', 'Sit odio quis ipsa laborum corporis aut. Qui consequuntur libero dicta veritatis unde tenetur. Quo e', 127, '71', '1987-01-31 07:12:30', '1971-10-28 12:46:53');
INSERT INTO `videos` (`id`, `name`, `link`, `views`, `longest`, `description`, `size`, `channel_id`, `created_at`, `updated_at`) VALUES ('55', 'nam', 'http://www.jast.com/', 4759, '06:52:05', 'Aut explicabo est voluptas nihil est. At ullam suscipit alias. Vel nesciunt porro error quia iusto i', 127, '65', '1981-08-02 15:05:36', '2010-02-05 23:10:23');
INSERT INTO `videos` (`id`, `name`, `link`, `views`, `longest`, `description`, `size`, `channel_id`, `created_at`, `updated_at`) VALUES ('56', 'architecto', 'http://mcclure.com/', 349, '02:09:46', 'Eius et vel aut suscipit corporis. Consectetur vero voluptate reprehenderit possimus officiis. Assum', 127, '69', '1985-06-04 08:04:41', '2006-08-20 20:31:07');
INSERT INTO `videos` (`id`, `name`, `link`, `views`, `longest`, `description`, `size`, `channel_id`, `created_at`, `updated_at`) VALUES ('57', 'eum', 'http://nader.com/', 57143, '09:07:59', 'Consequuntur est quasi non enim dolore ad. Consequatur ut tempore ducimus sit aut quis sit aspernatu', 127, '99', '1982-05-05 14:29:20', '2016-12-03 12:54:36');
INSERT INTO `videos` (`id`, `name`, `link`, `views`, `longest`, `description`, `size`, `channel_id`, `created_at`, `updated_at`) VALUES ('58', 'dolorem', 'http://willms.info/', 502561, '21:26:07', 'Quas quas hic nemo aut. Quae similique deserunt at.', 0, '16', '1974-03-16 09:29:47', '1980-11-11 06:45:47');
INSERT INTO `videos` (`id`, `name`, `link`, `views`, `longest`, `description`, `size`, `channel_id`, `created_at`, `updated_at`) VALUES ('59', 'omnis', 'http://lockman.com/', 48817, '04:24:06', 'Qui pariatur omnis est assumenda molestiae explicabo. Aut dolor et nostrum dignissimos aut amet. Fac', 0, '29', '2000-06-19 21:06:56', '1984-10-23 01:57:37');
INSERT INTO `videos` (`id`, `name`, `link`, `views`, `longest`, `description`, `size`, `channel_id`, `created_at`, `updated_at`) VALUES ('60', 'non', 'http://goyetteohara.com/', 7074552, '12:50:00', 'Aut unde ipsum quae ipsa natus cupiditate vero sequi. Et rerum vel ipsum et et ipsum rerum. Dicta of', 127, '75', '1985-02-08 01:52:07', '1992-10-23 10:12:04');
INSERT INTO `videos` (`id`, `name`, `link`, `views`, `longest`, `description`, `size`, `channel_id`, `created_at`, `updated_at`) VALUES ('61', 'iure', 'http://www.fadelbashirian.com/', 407, '10:43:49', 'Facilis vero possimus ea repellendus. Quae deserunt veniam recusandae. Explicabo reprehenderit venia', 127, '18', '1999-09-03 01:43:53', '1999-06-09 15:57:28');
INSERT INTO `videos` (`id`, `name`, `link`, `views`, `longest`, `description`, `size`, `channel_id`, `created_at`, `updated_at`) VALUES ('62', 'nemo', 'http://robel.com/', 0, '02:32:57', 'Deserunt beatae iusto cumque facere. Iusto sunt aliquam maiores hic. Atque vel earum deserunt archit', 127, '17', '1986-03-19 10:45:05', '1991-09-29 23:09:40');
INSERT INTO `videos` (`id`, `name`, `link`, `views`, `longest`, `description`, `size`, `channel_id`, `created_at`, `updated_at`) VALUES ('63', 'quae', 'http://friesen.biz/', 9019536, '23:41:19', 'Qui est officia quo error. Ab in nam velit doloribus consequuntur vero. Aliquam saepe consequatur au', 7, '17', '2008-03-25 16:29:14', '1989-01-11 16:40:29');
INSERT INTO `videos` (`id`, `name`, `link`, `views`, `longest`, `description`, `size`, `channel_id`, `created_at`, `updated_at`) VALUES ('64', 'ut', 'http://kautzertillman.com/', 8908, '22:17:56', 'Dignissimos porro id optio commodi cumque error. Fugiat aspernatur veniam rerum sit. In occaecati po', 127, '30', '1997-11-08 18:27:49', '1986-02-14 14:37:14');
INSERT INTO `videos` (`id`, `name`, `link`, `views`, `longest`, `description`, `size`, `channel_id`, `created_at`, `updated_at`) VALUES ('65', 'aut', 'http://www.leannon.com/', 68480, '19:49:35', 'Dolorem et quidem possimus id sint. Sed dolorem porro neque sit. Quas rerum dolorem laborum qui pari', 127, '71', '2018-05-31 07:35:26', '1977-05-10 01:07:55');
INSERT INTO `videos` (`id`, `name`, `link`, `views`, `longest`, `description`, `size`, `channel_id`, `created_at`, `updated_at`) VALUES ('66', 'distinctio', 'http://hauck.com/', 243386, '20:40:32', 'Tempore alias ut error est autem non. Ut quae reprehenderit corrupti qui quo quo dolorum. Earum est ', 127, '44', '1978-01-30 22:33:42', '1982-07-27 19:06:40');
INSERT INTO `videos` (`id`, `name`, `link`, `views`, `longest`, `description`, `size`, `channel_id`, `created_at`, `updated_at`) VALUES ('67', 'reprehenderit', 'http://www.bode.biz/', 46781, '08:10:07', 'Reprehenderit sit quam error et aut earum. Quam odio reprehenderit magni expedita consequatur consec', 127, '91', '1992-12-22 16:57:53', '2017-04-25 23:43:55');
INSERT INTO `videos` (`id`, `name`, `link`, `views`, `longest`, `description`, `size`, `channel_id`, `created_at`, `updated_at`) VALUES ('68', 'quo', 'http://www.schaeferwilkinson.com/', 100491389, '19:40:47', 'Expedita quia sit amet ut et iste cum. Laborum ut eveniet repudiandae incidunt mollitia quia. Minus ', 127, '68', '1986-07-03 05:11:16', '1998-09-19 20:20:19');
INSERT INTO `videos` (`id`, `name`, `link`, `views`, `longest`, `description`, `size`, `channel_id`, `created_at`, `updated_at`) VALUES ('69', 'et', 'http://champlin.org/', 71655, '05:22:14', 'Repudiandae temporibus totam eum eos suscipit. Cum et labore ab maiores unde voluptas. Delectus vel ', 44, '20', '2003-05-28 05:09:46', '1971-02-26 16:56:16');
INSERT INTO `videos` (`id`, `name`, `link`, `views`, `longest`, `description`, `size`, `channel_id`, `created_at`, `updated_at`) VALUES ('70', 'recusandae', 'http://www.maggiomosciski.com/', 0, '18:41:58', 'Dolorum earum rerum doloribus dolorem. Est voluptatem illo et quo ullam consequuntur velit. Ex paria', 127, '59', '1982-02-23 20:34:31', '2015-02-23 18:28:54');
INSERT INTO `videos` (`id`, `name`, `link`, `views`, `longest`, `description`, `size`, `channel_id`, `created_at`, `updated_at`) VALUES ('71', 'architecto', 'http://www.anderson.com/', 6680, '17:53:13', 'Placeat omnis aut blanditiis vero aliquid rem. Iusto modi omnis repellat aut officiis. Cupiditate vo', 127, '55', '1987-05-04 20:37:24', '2014-06-23 10:20:37');
INSERT INTO `videos` (`id`, `name`, `link`, `views`, `longest`, `description`, `size`, `channel_id`, `created_at`, `updated_at`) VALUES ('72', 'dolores', 'http://www.walsh.info/', 567279926, '04:56:11', 'Et quam nulla provident maiores. Quia dolor a minus nihil quia aut. Rerum voluptatem et reiciendis v', 127, '53', '2010-07-27 10:05:37', '2010-04-15 01:21:45');
INSERT INTO `videos` (`id`, `name`, `link`, `views`, `longest`, `description`, `size`, `channel_id`, `created_at`, `updated_at`) VALUES ('73', 'occaecati', 'http://schumm.info/', 80326, '17:26:46', 'Quas dolores vero cum eos saepe. Assumenda neque similique et. Velit tempore dolorum quisquam unde a', 127, '35', '1993-03-24 09:02:26', '2010-11-12 21:54:08');
INSERT INTO `videos` (`id`, `name`, `link`, `views`, `longest`, `description`, `size`, `channel_id`, `created_at`, `updated_at`) VALUES ('74', 'est', 'http://hartmanntowne.com/', 2256, '02:54:11', 'Quo eligendi at nihil corporis voluptas cumque. Perspiciatis ipsa sed magni quod unde voluptatibus. ', 127, '79', '1987-04-28 21:08:29', '2005-09-06 09:04:00');
INSERT INTO `videos` (`id`, `name`, `link`, `views`, `longest`, `description`, `size`, `channel_id`, `created_at`, `updated_at`) VALUES ('75', 'qui', 'http://www.gerlach.net/', 801, '04:52:34', 'Modi assumenda ab dolorum eius quaerat voluptatem. Quos dolorem sit incidunt consequuntur voluptate ', 127, '55', '1984-12-05 10:20:15', '2014-12-26 20:17:55');
INSERT INTO `videos` (`id`, `name`, `link`, `views`, `longest`, `description`, `size`, `channel_id`, `created_at`, `updated_at`) VALUES ('76', 'voluptas', 'http://www.bartoletti.com/', 66344, '06:42:43', 'Et possimus alias dicta voluptatem et eius voluptates. Animi odit dolorem voluptate blanditiis asper', 2, '68', '1989-09-01 13:11:01', '1995-12-12 10:41:07');
INSERT INTO `videos` (`id`, `name`, `link`, `views`, `longest`, `description`, `size`, `channel_id`, `created_at`, `updated_at`) VALUES ('77', 'fuga', 'http://powlowskiroberts.biz/', 6688, '23:08:14', 'Consequatur cumque praesentium et ut et optio. Nam nam placeat autem est molestiae. Maiores autem es', 127, '12', '1992-01-03 22:13:43', '1989-06-12 13:08:58');
INSERT INTO `videos` (`id`, `name`, `link`, `views`, `longest`, `description`, `size`, `channel_id`, `created_at`, `updated_at`) VALUES ('78', 'sunt', 'http://www.lehner.net/', 157582, '04:02:18', 'Hic autem et commodi. Molestias eos quo quas rerum incidunt neque. Aspernatur eum non necessitatibus', 127, '45', '1995-02-13 17:34:31', '1976-09-15 07:36:07');
INSERT INTO `videos` (`id`, `name`, `link`, `views`, `longest`, `description`, `size`, `channel_id`, `created_at`, `updated_at`) VALUES ('79', 'ipsam', 'http://www.herman.com/', 5515063, '14:44:46', 'Hic ullam quae aspernatur dolorem voluptas minus. Fugiat asperiores itaque et sunt. Aut eum consequu', 1, '95', '1979-09-29 09:45:52', '1983-04-23 21:18:32');
INSERT INTO `videos` (`id`, `name`, `link`, `views`, `longest`, `description`, `size`, `channel_id`, `created_at`, `updated_at`) VALUES ('80', 'quae', 'http://rodriguezfisher.net/', 84632, '20:15:46', 'Aliquid cum dignissimos ipsam quos. Non ea nulla mollitia non. Dolores aliquam officia ipsa sunt ea ', 127, '52', '2003-12-17 06:34:52', '2002-12-01 01:39:00');
INSERT INTO `videos` (`id`, `name`, `link`, `views`, `longest`, `description`, `size`, `channel_id`, `created_at`, `updated_at`) VALUES ('81', 'ut', 'http://www.marquardtswift.com/', 36, '15:05:54', 'Saepe delectus tempore quisquam aut facere beatae nam. Sapiente ipsum dolorum et ut molestiae est et', 127, '96', '2012-12-06 05:08:03', '2018-11-15 08:29:23');
INSERT INTO `videos` (`id`, `name`, `link`, `views`, `longest`, `description`, `size`, `channel_id`, `created_at`, `updated_at`) VALUES ('82', 'asperiores', 'http://www.lueilwitz.com/', 37, '00:01:33', 'Esse vitae praesentium rerum deserunt at. Ducimus minima perspiciatis ratione rem iste sed. Quae eni', 127, '57', '2006-01-06 12:36:53', '1993-07-03 14:44:01');
INSERT INTO `videos` (`id`, `name`, `link`, `views`, `longest`, `description`, `size`, `channel_id`, `created_at`, `updated_at`) VALUES ('83', 'et', 'http://keeling.org/', 20, '03:45:02', 'Saepe non voluptates voluptatem sint asperiores. Cum impedit vero veniam.', 127, '44', '1977-07-09 01:57:18', '1990-03-13 12:59:17');
INSERT INTO `videos` (`id`, `name`, `link`, `views`, `longest`, `description`, `size`, `channel_id`, `created_at`, `updated_at`) VALUES ('84', 'molestiae', 'http://towne.org/', 985, '00:28:44', 'Itaque dolores perspiciatis debitis voluptatum quod. Ut asperiores omnis ut dolorem facere cupiditat', 127, '98', '2015-07-20 00:40:28', '1978-01-27 09:41:31');
INSERT INTO `videos` (`id`, `name`, `link`, `views`, `longest`, `description`, `size`, `channel_id`, `created_at`, `updated_at`) VALUES ('85', 'porro', 'http://www.stiedemann.org/', 373, '04:54:03', 'Repudiandae et ut quae tempore voluptas quasi placeat unde. Delectus enim dicta commodi officia saep', 0, '95', '1995-07-29 07:52:17', '2002-05-26 05:59:31');
INSERT INTO `videos` (`id`, `name`, `link`, `views`, `longest`, `description`, `size`, `channel_id`, `created_at`, `updated_at`) VALUES ('86', 'aliquam', 'http://www.champlin.info/', 1121, '10:03:03', 'Dolorem eveniet est dolorum. Omnis cum consequatur asperiores sit nemo beatae. Qui voluptatum qui de', 4, '11', '1984-11-20 01:05:35', '1997-10-21 01:03:26');
INSERT INTO `videos` (`id`, `name`, `link`, `views`, `longest`, `description`, `size`, `channel_id`, `created_at`, `updated_at`) VALUES ('87', 'natus', 'http://www.mckenzie.org/', 58903324, '10:44:53', 'Qui officia dolor quibusdam unde ipsa. Dolores numquam excepturi dolorem omnis. Amet eum est molliti', 0, '61', '1973-01-27 08:21:38', '1998-03-02 06:34:42');
INSERT INTO `videos` (`id`, `name`, `link`, `views`, `longest`, `description`, `size`, `channel_id`, `created_at`, `updated_at`) VALUES ('88', 'assumenda', 'http://schulist.com/', 727118485, '05:29:58', 'Beatae qui culpa eveniet ipsam repudiandae. Voluptatem expedita sint facere fugit vel reiciendis. De', 127, '32', '1995-02-11 10:02:23', '2000-12-26 16:58:19');
INSERT INTO `videos` (`id`, `name`, `link`, `views`, `longest`, `description`, `size`, `channel_id`, `created_at`, `updated_at`) VALUES ('89', 'quis', 'http://toy.com/', 21, '05:06:36', 'Fugit quae aspernatur totam unde. Perferendis nihil sit impedit excepturi aut dolor perspiciatis. Au', 127, '16', '2019-06-17 16:11:29', '1995-07-02 23:55:53');
INSERT INTO `videos` (`id`, `name`, `link`, `views`, `longest`, `description`, `size`, `channel_id`, `created_at`, `updated_at`) VALUES ('90', 'occaecati', 'http://www.pfannerstill.biz/', 39369, '02:30:28', 'Odio consectetur consequatur et nesciunt harum. Repellendus beatae quam voluptatum consequatur repel', 127, '43', '1970-05-16 10:45:19', '1976-07-07 13:58:48');
INSERT INTO `videos` (`id`, `name`, `link`, `views`, `longest`, `description`, `size`, `channel_id`, `created_at`, `updated_at`) VALUES ('91', 'dolorem', 'http://www.metz.biz/', 1, '16:45:25', 'Soluta reiciendis dolorem veritatis quaerat. Et reprehenderit voluptatum ratione dolore ullam et quo', 127, '34', '2004-10-08 05:57:41', '2012-10-26 13:05:24');
INSERT INTO `videos` (`id`, `name`, `link`, `views`, `longest`, `description`, `size`, `channel_id`, `created_at`, `updated_at`) VALUES ('92', 'odio', 'http://www.kozey.com/', 4871, '04:26:43', 'Adipisci similique suscipit voluptatem voluptatem. Dolor non animi qui libero. Aliquid est ut except', 1, '10', '1974-11-25 08:56:10', '2014-04-07 08:11:33');
INSERT INTO `videos` (`id`, `name`, `link`, `views`, `longest`, `description`, `size`, `channel_id`, `created_at`, `updated_at`) VALUES ('93', 'ut', 'http://www.vonpredovic.com/', 31862, '12:53:22', 'Ut repudiandae sed maxime ut ratione sint. Occaecati magni magnam voluptatum sed architecto. Recusan', 0, '90', '1988-07-06 00:19:41', '1970-06-05 14:20:53');
INSERT INTO `videos` (`id`, `name`, `link`, `views`, `longest`, `description`, `size`, `channel_id`, `created_at`, `updated_at`) VALUES ('94', 'consectetur', 'http://www.lockman.com/', 7533, '06:06:47', 'Quod aut aperiam explicabo ullam et sequi unde. Dignissimos facilis error inventore minima ut asperi', 127, '1', '1986-08-25 17:55:17', '2009-09-12 09:05:29');
INSERT INTO `videos` (`id`, `name`, `link`, `views`, `longest`, `description`, `size`, `channel_id`, `created_at`, `updated_at`) VALUES ('95', 'id', 'http://www.bartell.info/', 292, '09:43:35', 'Et quis quidem dolores accusamus accusamus soluta. Hic iure voluptatibus nesciunt odio et ex. Conseq', 127, '38', '2001-12-23 23:11:01', '1981-09-28 02:24:12');
INSERT INTO `videos` (`id`, `name`, `link`, `views`, `longest`, `description`, `size`, `channel_id`, `created_at`, `updated_at`) VALUES ('96', 'voluptates', 'http://wolffmedhurst.net/', 1, '22:23:47', 'Repellendus nulla omnis et esse. Cumque laudantium quam doloribus aut placeat ut reprehenderit. Omni', 127, '40', '1981-07-29 01:02:56', '1985-08-01 15:29:46');
INSERT INTO `videos` (`id`, `name`, `link`, `views`, `longest`, `description`, `size`, `channel_id`, `created_at`, `updated_at`) VALUES ('97', 'eveniet', 'http://carter.info/', 7335, '20:03:48', 'Veritatis et repellat quis ex ut. Debitis vero vel dolores qui possimus vel ducimus. Qui facilis ame', 54, '25', '1991-07-18 14:51:57', '1978-11-19 17:24:50');
INSERT INTO `videos` (`id`, `name`, `link`, `views`, `longest`, `description`, `size`, `channel_id`, `created_at`, `updated_at`) VALUES ('98', 'asperiores', 'http://www.leschhermann.com/', 312037, '06:27:53', 'Qui beatae sit ad inventore. Voluptas at totam qui est est nisi. Vel iusto nostrum nostrum natus qui', 0, '79', '2006-12-13 16:16:50', '2012-06-24 18:30:07');
INSERT INTO `videos` (`id`, `name`, `link`, `views`, `longest`, `description`, `size`, `channel_id`, `created_at`, `updated_at`) VALUES ('99', 'rerum', 'http://heaney.biz/', 799663, '06:56:17', 'Ut voluptatum blanditiis blanditiis vel saepe. Ut deserunt sapiente ut qui pariatur asperiores. Cumq', 64, '2', '1994-11-02 03:59:01', '2000-01-02 15:29:40');
INSERT INTO `videos` (`id`, `name`, `link`, `views`, `longest`, `description`, `size`, `channel_id`, `created_at`, `updated_at`) VALUES ('100', 'sunt', 'http://www.bayer.com/', 6596, '21:33:35', 'Et velit ab similique quia dolores explicabo. Eaque magni consequuntur aspernatur. Error natus dolor', 127, '87', '1979-06-03 16:50:49', '2000-08-23 22:53:04');


INSERT INTO `comments` (`id`, `channel_id`, `object_type_id`, `object_id`, `body`, `created_at`, `updated_at`) VALUES ('1', '47', 2, '53', 'Quia voluptate inventore voluptates autem. Optio a quia optio quas suscipit. Animi sunt qui dolore nihil numquam tenetur. Corporis enim harum cum nihil et labore.', '1971-09-07 08:47:44', '1979-05-25 01:27:17');
INSERT INTO `comments` (`id`, `channel_id`, `object_type_id`, `object_id`, `body`, `created_at`, `updated_at`) VALUES ('2', '37', 2, '6', 'Sunt et soluta consequatur ea nihil sit ullam. Repellendus exercitationem culpa aut illum sequi ex iste. Sequi earum est facere et eaque.', '2016-10-19 00:17:05', '2016-10-08 10:10:11');
INSERT INTO `comments` (`id`, `channel_id`, `object_type_id`, `object_id`, `body`, `created_at`, `updated_at`) VALUES ('3', '78', 2, '55', 'Ratione nobis ad consequatur sed minima voluptatem eaque. Et perferendis similique dolores quo enim. Saepe ut tempore non veritatis enim. Et numquam qui pariatur repudiandae recusandae minima aperiam corrupti.', '2015-09-21 17:28:03', '1988-02-26 22:38:43');
INSERT INTO `comments` (`id`, `channel_id`, `object_type_id`, `object_id`, `body`, `created_at`, `updated_at`) VALUES ('4', '92', 1, '68', 'Optio ut laboriosam distinctio corrupti minus rerum. Et molestiae est et quas in maxime. Asperiores dolore veritatis voluptatem sit. Fugit similique aut culpa quidem soluta aut velit magnam.', '2002-12-11 13:36:16', '2016-04-20 05:12:01');
INSERT INTO `comments` (`id`, `channel_id`, `object_type_id`, `object_id`, `body`, `created_at`, `updated_at`) VALUES ('5', '65', 2, '3', 'Eligendi aut officiis ipsam. Placeat et distinctio facere voluptatem soluta possimus harum. In laborum ut cupiditate hic laborum.', '1978-01-09 23:52:05', '1972-11-11 03:48:24');
INSERT INTO `comments` (`id`, `channel_id`, `object_type_id`, `object_id`, `body`, `created_at`, `updated_at`) VALUES ('6', '81', 1, '62', 'Accusantium sapiente aspernatur molestiae ratione quod quam. Reiciendis in deleniti eum tenetur numquam nesciunt dignissimos. Necessitatibus pariatur tenetur et ipsam aut. Aperiam quod non aut perspiciatis explicabo at.', '2008-12-26 08:57:40', '1979-05-06 22:35:55');
INSERT INTO `comments` (`id`, `channel_id`, `object_type_id`, `object_id`, `body`, `created_at`, `updated_at`) VALUES ('7', '55', 2, '71', 'Vitae unde veritatis architecto harum. Deleniti dolores ut expedita.', '2017-10-28 10:16:50', '1989-12-12 18:52:30');
INSERT INTO `comments` (`id`, `channel_id`, `object_type_id`, `object_id`, `body`, `created_at`, `updated_at`) VALUES ('8', '100', 1, '17', 'Est iusto sequi voluptatibus est est nostrum minus. Culpa sed dolor corrupti. Quia magni odio quaerat ut alias hic rem.', '1984-09-01 03:10:09', '1976-03-23 11:55:43');
INSERT INTO `comments` (`id`, `channel_id`, `object_type_id`, `object_id`, `body`, `created_at`, `updated_at`) VALUES ('9', '17', 2, '9', 'Vitae quis incidunt vero quisquam. Similique dolore sequi et quo laboriosam dignissimos. Sequi ab aliquam est unde vel.', '2015-07-04 17:36:31', '1979-03-19 06:54:01');
INSERT INTO `comments` (`id`, `channel_id`, `object_type_id`, `object_id`, `body`, `created_at`, `updated_at`) VALUES ('10', '67', 2, '87', 'Aut quo aliquid quaerat assumenda quisquam. Illo unde aut est ut id. Rerum necessitatibus facere est facere. Aut beatae earum id alias.', '1971-09-28 17:00:21', '2013-03-23 22:31:41');
INSERT INTO `comments` (`id`, `channel_id`, `object_type_id`, `object_id`, `body`, `created_at`, `updated_at`) VALUES ('11', '82', 1, '100', 'Velit debitis rerum officia dolores ut repellat consequuntur. Iusto laboriosam repudiandae fugiat nostrum illo rerum. Earum et consequatur est quam. Est quidem ea quo provident sed aliquam.', '1995-09-04 05:33:49', '1993-02-03 07:03:22');
INSERT INTO `comments` (`id`, `channel_id`, `object_type_id`, `object_id`, `body`, `created_at`, `updated_at`) VALUES ('12', '62', 1, '19', 'Vel sequi laboriosam officia aut at officiis. Sapiente quisquam distinctio sit et enim labore corrupti vero. Natus voluptates et sunt veritatis. Unde atque magni laudantium omnis.', '1972-04-24 20:11:05', '2016-03-24 02:00:19');
INSERT INTO `comments` (`id`, `channel_id`, `object_type_id`, `object_id`, `body`, `created_at`, `updated_at`) VALUES ('13', '3', 1, '70', 'Alias et reprehenderit atque in corporis perferendis similique. Non quibusdam voluptatibus consequatur. Mollitia eligendi doloremque ut reiciendis eum.', '2011-12-05 14:05:06', '1985-08-21 02:52:36');
INSERT INTO `comments` (`id`, `channel_id`, `object_type_id`, `object_id`, `body`, `created_at`, `updated_at`) VALUES ('14', '28', 1, '13', 'Eligendi et sapiente qui et excepturi repudiandae. Libero iusto autem aut recusandae repellendus. Illum cum praesentium voluptas nulla enim repudiandae nihil dolorem.', '1972-04-03 16:16:46', '1986-04-07 19:50:26');
INSERT INTO `comments` (`id`, `channel_id`, `object_type_id`, `object_id`, `body`, `created_at`, `updated_at`) VALUES ('15', '4', 1, '23', 'Labore vero natus consequatur non quibusdam et quis. Et excepturi facilis alias itaque excepturi. Aliquam nobis maxime omnis officia ipsa.', '1990-02-12 04:49:15', '1982-05-12 06:33:37');
INSERT INTO `comments` (`id`, `channel_id`, `object_type_id`, `object_id`, `body`, `created_at`, `updated_at`) VALUES ('16', '53', 2, '40', 'Cumque earum et debitis quisquam velit voluptas. Unde veniam distinctio sed mollitia aliquam culpa. Modi dolorem consequuntur ut architecto fugit. Qui quam velit vel quaerat maxime cum tenetur.', '1981-09-22 07:47:10', '1975-04-11 04:17:17');
INSERT INTO `comments` (`id`, `channel_id`, `object_type_id`, `object_id`, `body`, `created_at`, `updated_at`) VALUES ('17', '48', 2, '11', 'Praesentium voluptas expedita eos quam ad fugiat. Vitae dolorem ut maiores eos et est. Rerum voluptatibus eveniet consequatur iste repellat et autem fugit. Occaecati iure ducimus sint aliquid.', '1973-10-24 01:30:15', '2003-09-19 15:32:50');
INSERT INTO `comments` (`id`, `channel_id`, `object_type_id`, `object_id`, `body`, `created_at`, `updated_at`) VALUES ('18', '88', 2, '81', 'At sapiente tempora sequi quia qui aliquam. Hic odio architecto nesciunt dolorem est non. Facilis aut recusandae omnis ut consequatur ipsa.', '2017-12-08 19:55:56', '2003-03-11 11:06:53');
INSERT INTO `comments` (`id`, `channel_id`, `object_type_id`, `object_id`, `body`, `created_at`, `updated_at`) VALUES ('19', '43', 1, '54', 'Ipsum dolorum ullam nemo unde. Omnis sed quia iste similique explicabo illo. Nihil fuga aut deleniti amet voluptas explicabo.', '1975-05-17 13:17:05', '2003-10-02 00:00:53');
INSERT INTO `comments` (`id`, `channel_id`, `object_type_id`, `object_id`, `body`, `created_at`, `updated_at`) VALUES ('20', '79', 1, '38', 'Qui rerum dicta expedita in. Occaecati nemo commodi molestias omnis.', '2011-03-19 10:34:05', '2006-04-27 06:04:11');
INSERT INTO `comments` (`id`, `channel_id`, `object_type_id`, `object_id`, `body`, `created_at`, `updated_at`) VALUES ('21', '61', 1, '85', 'Ea veniam omnis quisquam optio qui nulla. Occaecati aperiam commodi qui praesentium cum ipsam molestiae. Autem ipsum eveniet et praesentium.', '2018-08-13 22:27:59', '1991-11-30 18:32:50');
INSERT INTO `comments` (`id`, `channel_id`, `object_type_id`, `object_id`, `body`, `created_at`, `updated_at`) VALUES ('22', '22', 1, '1', 'Ut suscipit ex esse tenetur porro. Eos accusamus voluptas est ea necessitatibus officiis et itaque. Sunt et expedita doloribus ea qui. Blanditiis est est sunt voluptatem quod eos.', '2014-03-30 02:44:01', '1986-01-04 17:01:46');
INSERT INTO `comments` (`id`, `channel_id`, `object_type_id`, `object_id`, `body`, `created_at`, `updated_at`) VALUES ('23', '71', 1, '93', 'Esse et numquam at dolores et commodi. Temporibus facere qui consequatur iure. Pariatur voluptas velit nihil est non magnam repellat. Qui quia labore sit reprehenderit eaque consequatur. Sed labore reprehenderit ratione cupiditate.', '1997-04-12 23:14:27', '1995-08-10 22:13:50');
INSERT INTO `comments` (`id`, `channel_id`, `object_type_id`, `object_id`, `body`, `created_at`, `updated_at`) VALUES ('24', '12', 1, '22', 'Quis quia consequatur est nihil qui reprehenderit incidunt. Non est placeat id. Sint omnis autem qui reiciendis ipsa.', '2015-11-04 08:48:03', '1989-02-06 17:27:56');
INSERT INTO `comments` (`id`, `channel_id`, `object_type_id`, `object_id`, `body`, `created_at`, `updated_at`) VALUES ('25', '50', 1, '67', 'Reiciendis ut inventore ut. Eum error voluptatem voluptatem velit nihil veniam. Laudantium sed culpa sed. Eaque est est doloremque sed eaque consequatur similique ducimus.', '2007-07-22 13:16:39', '2001-04-14 22:26:36');
INSERT INTO `comments` (`id`, `channel_id`, `object_type_id`, `object_id`, `body`, `created_at`, `updated_at`) VALUES ('26', '87', 2, '62', 'Maxime ullam ea placeat est dolorem. Facilis temporibus suscipit voluptatibus nulla. Sunt labore placeat quidem qui. Esse et nostrum omnis blanditiis a.', '1984-08-31 18:19:44', '1997-06-12 05:43:22');
INSERT INTO `comments` (`id`, `channel_id`, `object_type_id`, `object_id`, `body`, `created_at`, `updated_at`) VALUES ('27', '12', 2, '13', 'Eos distinctio quidem doloribus non vel impedit nemo quo. Minus temporibus earum ducimus nostrum ab et exercitationem. Repellat aut quaerat accusantium. Qui iusto distinctio ullam hic porro consequatur molestiae ipsum.', '2019-03-10 19:40:42', '1998-09-05 07:47:27');
INSERT INTO `comments` (`id`, `channel_id`, `object_type_id`, `object_id`, `body`, `created_at`, `updated_at`) VALUES ('28', '49', 1, '55', 'Ut similique quam doloribus sit ea aut et. Est voluptatum aliquam est sint quia. Quidem non explicabo doloribus laborum non ex consequatur. Est et sed in itaque aut officiis voluptas odit.', '1992-03-08 20:08:00', '1978-08-10 12:13:52');
INSERT INTO `comments` (`id`, `channel_id`, `object_type_id`, `object_id`, `body`, `created_at`, `updated_at`) VALUES ('29', '56', 2, '34', 'Fugit molestiae necessitatibus et nam. Saepe hic qui illum. Quia eos est est ducimus soluta autem tempora. Aperiam est perspiciatis impedit eos blanditiis asperiores ut.', '1992-04-19 19:33:30', '1996-05-04 11:06:36');
INSERT INTO `comments` (`id`, `channel_id`, `object_type_id`, `object_id`, `body`, `created_at`, `updated_at`) VALUES ('30', '20', 1, '7', 'Dolorem debitis sit sunt illum accusamus. Consequatur ad aut consectetur aut ea atque. Rerum dolorum et velit occaecati occaecati.', '2008-06-08 19:45:51', '1994-09-26 08:56:58');
INSERT INTO `comments` (`id`, `channel_id`, `object_type_id`, `object_id`, `body`, `created_at`, `updated_at`) VALUES ('31', '38', 1, '93', 'Doloribus optio voluptas perspiciatis inventore ad incidunt. Deleniti dolores enim rem animi laborum eos.', '1971-01-15 06:26:02', '2010-02-23 23:32:25');
INSERT INTO `comments` (`id`, `channel_id`, `object_type_id`, `object_id`, `body`, `created_at`, `updated_at`) VALUES ('32', '5', 1, '22', 'Vel dignissimos non nobis blanditiis et est. Autem alias fuga aliquam eius recusandae accusantium sequi. Non quisquam consequuntur molestias sapiente.', '1973-07-21 21:15:23', '1990-01-23 18:28:46');
INSERT INTO `comments` (`id`, `channel_id`, `object_type_id`, `object_id`, `body`, `created_at`, `updated_at`) VALUES ('33', '28', 2, '35', 'Quia veniam placeat corrupti qui. Consequatur sit dicta quos odit. Autem nesciunt sed nesciunt quae vitae earum quae. Asperiores est commodi repellendus qui et.', '1986-05-07 06:21:57', '2000-04-02 13:19:49');
INSERT INTO `comments` (`id`, `channel_id`, `object_type_id`, `object_id`, `body`, `created_at`, `updated_at`) VALUES ('34', '50', 1, '25', 'Consectetur et omnis et vel molestias. Distinctio minima nisi quasi nihil. Maxime adipisci vel provident. Exercitationem doloremque reprehenderit et totam molestias atque.', '1976-01-01 09:03:39', '2006-01-30 08:31:37');
INSERT INTO `comments` (`id`, `channel_id`, `object_type_id`, `object_id`, `body`, `created_at`, `updated_at`) VALUES ('35', '78', 2, '52', 'Consectetur nihil ducimus unde aspernatur ullam occaecati. A id voluptate et natus tempore. Tempora necessitatibus mollitia error deleniti.', '2004-08-25 21:27:54', '1975-01-31 07:07:26');
INSERT INTO `comments` (`id`, `channel_id`, `object_type_id`, `object_id`, `body`, `created_at`, `updated_at`) VALUES ('36', '6', 2, '93', 'Occaecati eveniet voluptate ut qui. Reprehenderit sed aut est qui quasi. Quia voluptatum dignissimos nisi corrupti itaque corrupti explicabo. Molestiae ex ut necessitatibus provident sit.', '1999-05-27 14:15:12', '2002-04-11 03:12:20');
INSERT INTO `comments` (`id`, `channel_id`, `object_type_id`, `object_id`, `body`, `created_at`, `updated_at`) VALUES ('37', '11', 1, '83', 'Facilis illum dolores autem facere qui. Aspernatur qui enim ad corrupti earum. Provident ducimus optio qui molestiae ipsam.', '1989-03-02 07:49:57', '1988-06-14 09:06:19');
INSERT INTO `comments` (`id`, `channel_id`, `object_type_id`, `object_id`, `body`, `created_at`, `updated_at`) VALUES ('38', '85', 1, '16', 'Vel dolorum corrupti ipsam rerum. Et architecto reiciendis quas quia tempora aperiam. Voluptatem temporibus eos non iusto quidem.', '1991-06-10 16:43:40', '2007-11-14 00:55:18');
INSERT INTO `comments` (`id`, `channel_id`, `object_type_id`, `object_id`, `body`, `created_at`, `updated_at`) VALUES ('39', '75', 2, '95', 'Cum fugiat fugiat corrupti consequuntur quia et. Harum qui sunt in quia qui. Esse fuga velit sed et molestias mollitia ut.', '2018-08-17 02:06:11', '1985-04-26 11:53:58');
INSERT INTO `comments` (`id`, `channel_id`, `object_type_id`, `object_id`, `body`, `created_at`, `updated_at`) VALUES ('40', '32', 1, '58', 'Aspernatur voluptas ipsum rerum amet vel consequatur ducimus assumenda. Omnis sit cumque dolorem maxime voluptas. In ut exercitationem dolor ut nesciunt. Exercitationem quam vero aut ipsam odio et maiores illum.', '1970-10-13 21:14:49', '1988-02-16 20:39:42');
INSERT INTO `comments` (`id`, `channel_id`, `object_type_id`, `object_id`, `body`, `created_at`, `updated_at`) VALUES ('41', '98', 2, '82', 'Repellat soluta atque fuga eum sed ad et. Corrupti assumenda soluta blanditiis. Quo et eligendi est aut laudantium pariatur sed. Animi ea laborum sunt error laborum vero voluptas.', '1975-10-22 02:49:54', '2004-08-13 00:20:56');
INSERT INTO `comments` (`id`, `channel_id`, `object_type_id`, `object_id`, `body`, `created_at`, `updated_at`) VALUES ('42', '62', 2, '74', 'Ut iste enim fugit suscipit eius in. Rerum delectus nobis est nemo. Ut et enim nostrum repellat autem.', '2001-02-22 20:51:31', '1997-03-10 15:51:30');
INSERT INTO `comments` (`id`, `channel_id`, `object_type_id`, `object_id`, `body`, `created_at`, `updated_at`) VALUES ('43', '17', 2, '49', 'Perferendis est laborum dicta magnam odit est. Quam dignissimos quo asperiores quis voluptatem adipisci molestiae. Possimus at itaque facere molestiae dignissimos fuga.', '2012-11-29 02:12:44', '2017-08-10 22:15:33');
INSERT INTO `comments` (`id`, `channel_id`, `object_type_id`, `object_id`, `body`, `created_at`, `updated_at`) VALUES ('44', '35', 2, '87', 'Et voluptatem laborum voluptas sunt. Sunt voluptatem labore eligendi. Quibusdam eum tenetur atque.', '1980-11-28 23:53:30', '1993-01-07 04:49:31');
INSERT INTO `comments` (`id`, `channel_id`, `object_type_id`, `object_id`, `body`, `created_at`, `updated_at`) VALUES ('45', '71', 1, '67', 'Ab commodi et ducimus dolorem ut ullam ullam fugit. Voluptas suscipit qui impedit ut. Illo ea ratione accusamus ad. Voluptas commodi vel aspernatur sint nostrum quam perspiciatis.', '2006-07-08 13:42:33', '2004-06-03 03:37:36');
INSERT INTO `comments` (`id`, `channel_id`, `object_type_id`, `object_id`, `body`, `created_at`, `updated_at`) VALUES ('46', '84', 2, '57', 'Reiciendis itaque est explicabo quaerat nesciunt. Occaecati pariatur eos debitis voluptatibus est sed fugiat quo. Modi aut accusamus totam non porro ipsa molestiae.', '1974-03-24 10:05:40', '1986-07-05 22:40:09');
INSERT INTO `comments` (`id`, `channel_id`, `object_type_id`, `object_id`, `body`, `created_at`, `updated_at`) VALUES ('47', '11', 2, '58', 'Minima eos sint iure quisquam ut ut ab aut. Odio tempora dolore sed sequi labore molestias.', '2007-07-08 21:47:14', '2009-01-27 07:31:05');
INSERT INTO `comments` (`id`, `channel_id`, `object_type_id`, `object_id`, `body`, `created_at`, `updated_at`) VALUES ('48', '100', 1, '68', 'Sed corporis optio dicta iste. Qui et nemo eligendi magnam amet voluptatem recusandae quae. Expedita optio temporibus voluptas libero. Occaecati vel consequatur suscipit laborum.', '2000-05-30 05:44:38', '1976-11-26 12:52:47');
INSERT INTO `comments` (`id`, `channel_id`, `object_type_id`, `object_id`, `body`, `created_at`, `updated_at`) VALUES ('49', '46', 2, '10', 'Illo et sit et repellendus ex cum incidunt. Voluptatem officia molestiae eaque et quis blanditiis quis. Distinctio aut veritatis quia hic. Et consequatur dolores esse quo ab nobis officiis. Ipsam cupiditate perspiciatis doloribus consequatur et voluptate ', '1975-03-04 01:30:13', '2014-01-12 16:38:38');
INSERT INTO `comments` (`id`, `channel_id`, `object_type_id`, `object_id`, `body`, `created_at`, `updated_at`) VALUES ('50', '17', 1, '48', 'Quis ipsa aspernatur maxime dignissimos voluptatem et vitae. Dolor similique quasi deserunt a possimus dolor cumque. Adipisci in sapiente quis et ipsam id. Et incidunt quia delectus hic.', '2000-10-09 21:29:47', '1982-06-06 07:01:16');
INSERT INTO `comments` (`id`, `channel_id`, `object_type_id`, `object_id`, `body`, `created_at`, `updated_at`) VALUES ('51', '92', 1, '1', 'Corporis totam doloremque accusamus consectetur. Reiciendis neque adipisci iste inventore fuga. Blanditiis nesciunt dicta voluptatem ex. Sit et et qui nostrum veniam voluptates quia.', '2012-12-01 21:59:55', '1970-03-20 04:58:12');
INSERT INTO `comments` (`id`, `channel_id`, `object_type_id`, `object_id`, `body`, `created_at`, `updated_at`) VALUES ('52', '54', 2, '66', 'Qui repellendus architecto dolor quod repellat. Ut illum praesentium consectetur ipsa repellendus est sed. Sit maiores quia dolores et perferendis vitae ratione.', '1990-07-18 11:55:15', '1999-11-22 21:31:31');
INSERT INTO `comments` (`id`, `channel_id`, `object_type_id`, `object_id`, `body`, `created_at`, `updated_at`) VALUES ('53', '5', 1, '44', 'Et ut ut molestiae nam delectus ut perspiciatis. Cumque voluptas velit id sed veniam cumque consequuntur. Ad fugit vero ad odit. Ducimus totam incidunt dolor sit sit.', '1988-12-03 13:52:36', '2018-07-21 15:39:59');
INSERT INTO `comments` (`id`, `channel_id`, `object_type_id`, `object_id`, `body`, `created_at`, `updated_at`) VALUES ('54', '48', 1, '17', 'Iusto autem dolor nemo et alias. Dolore culpa nulla eum quidem. Et voluptatibus nesciunt ut nobis.', '2006-12-24 01:38:31', '1994-02-15 20:42:57');
INSERT INTO `comments` (`id`, `channel_id`, `object_type_id`, `object_id`, `body`, `created_at`, `updated_at`) VALUES ('55', '11', 2, '91', 'A fugiat neque ad nihil eius. Aspernatur consectetur a ratione rerum quibusdam. Dolore quaerat dolorem voluptates sit impedit corrupti.', '1986-03-07 23:54:33', '2017-06-02 06:00:12');
INSERT INTO `comments` (`id`, `channel_id`, `object_type_id`, `object_id`, `body`, `created_at`, `updated_at`) VALUES ('56', '84', 1, '85', 'Sed non alias totam consequatur. Et veritatis ut perspiciatis qui enim tenetur. Tenetur ab nihil et cupiditate.', '1985-09-08 13:57:05', '2017-11-27 15:18:26');
INSERT INTO `comments` (`id`, `channel_id`, `object_type_id`, `object_id`, `body`, `created_at`, `updated_at`) VALUES ('57', '24', 1, '55', 'Repudiandae necessitatibus maiores dolorem ratione quis aut asperiores aut. Expedita in et assumenda quibusdam velit aut saepe ab. Magnam nostrum pariatur ut nesciunt repellat sint non. Cupiditate aliquid necessitatibus sint et exercitationem et ex.', '2007-01-19 10:11:26', '1978-03-23 04:50:58');
INSERT INTO `comments` (`id`, `channel_id`, `object_type_id`, `object_id`, `body`, `created_at`, `updated_at`) VALUES ('58', '87', 1, '2', 'Omnis voluptatum reiciendis laboriosam aut dicta aliquam cum. Et esse eveniet veritatis necessitatibus. Et velit tempora rerum quia. Molestiae quisquam dolore et officiis dolores.', '2007-10-05 22:05:23', '1991-01-30 15:57:29');
INSERT INTO `comments` (`id`, `channel_id`, `object_type_id`, `object_id`, `body`, `created_at`, `updated_at`) VALUES ('59', '89', 2, '93', 'Veniam porro sequi neque est. Ratione maxime quas quia rerum iusto et atque tenetur. Eum numquam et facere error explicabo qui. At laudantium in impedit ea excepturi est.', '1991-08-30 11:12:43', '1999-02-15 05:38:40');
INSERT INTO `comments` (`id`, `channel_id`, `object_type_id`, `object_id`, `body`, `created_at`, `updated_at`) VALUES ('60', '55', 1, '85', 'Veritatis dolorem ut occaecati ut. Quibusdam consequuntur eveniet explicabo explicabo beatae consequatur fugiat. Recusandae at id est hic aut libero. Sit delectus eos aut quasi.', '1991-08-28 11:49:51', '1993-10-12 14:41:22');
INSERT INTO `comments` (`id`, `channel_id`, `object_type_id`, `object_id`, `body`, `created_at`, `updated_at`) VALUES ('61', '64', 1, '36', 'Quaerat repudiandae ipsum eligendi sed et et quasi. At ut nisi sequi aut non. Iure adipisci pariatur odio laudantium vero praesentium temporibus. Voluptate voluptatem provident magni fugiat.', '1972-08-19 14:11:38', '1990-05-13 05:01:26');
INSERT INTO `comments` (`id`, `channel_id`, `object_type_id`, `object_id`, `body`, `created_at`, `updated_at`) VALUES ('62', '39', 1, '30', 'Non maxime soluta optio recusandae. Aspernatur ipsum occaecati aut porro. Repellat atque cum ut ut.', '1984-09-20 16:52:36', '2018-12-17 09:53:41');
INSERT INTO `comments` (`id`, `channel_id`, `object_type_id`, `object_id`, `body`, `created_at`, `updated_at`) VALUES ('63', '27', 1, '92', 'Excepturi aspernatur et iure. Nobis rerum provident dolores voluptas libero magnam blanditiis. Sit reprehenderit temporibus quasi ut sint. Id reiciendis fugit perferendis suscipit.', '1988-03-26 13:40:52', '1992-11-17 22:12:06');
INSERT INTO `comments` (`id`, `channel_id`, `object_type_id`, `object_id`, `body`, `created_at`, `updated_at`) VALUES ('64', '45', 2, '69', 'Libero aliquam ullam laudantium quia et ipsum quibusdam. Et beatae molestiae unde commodi voluptatem fugiat. Dolorem sit non eos.', '1986-02-14 04:44:12', '1981-12-23 19:09:13');
INSERT INTO `comments` (`id`, `channel_id`, `object_type_id`, `object_id`, `body`, `created_at`, `updated_at`) VALUES ('65', '26', 1, '77', 'Tempore doloremque odio sunt repellat. Qui voluptas ea necessitatibus repellendus facere aliquid voluptatem. Inventore minima blanditiis ut tempora.', '1994-11-25 19:13:32', '1971-02-10 04:27:20');
INSERT INTO `comments` (`id`, `channel_id`, `object_type_id`, `object_id`, `body`, `created_at`, `updated_at`) VALUES ('66', '16', 1, '44', 'Aspernatur inventore totam dolorum vel dolorem omnis nemo expedita. Voluptatem id ut quod quae a. Quam expedita exercitationem soluta veniam modi ea aliquid excepturi.', '2007-05-04 01:30:06', '2008-09-15 23:25:31');
INSERT INTO `comments` (`id`, `channel_id`, `object_type_id`, `object_id`, `body`, `created_at`, `updated_at`) VALUES ('67', '85', 1, '55', 'Aliquam sed nostrum harum omnis. Sequi commodi asperiores sit rerum porro labore non. Quasi porro a reprehenderit unde. Maxime repellendus consectetur eum aut ut amet.', '1991-06-29 01:57:44', '1974-05-11 06:38:22');
INSERT INTO `comments` (`id`, `channel_id`, `object_type_id`, `object_id`, `body`, `created_at`, `updated_at`) VALUES ('68', '4', 2, '42', 'Ut natus accusamus non et hic aut voluptatum. Soluta veniam porro perferendis. Vero illo pariatur distinctio omnis ut ex rerum. Atque iusto placeat eos nobis.', '1998-08-23 00:31:54', '1995-04-21 21:27:28');
INSERT INTO `comments` (`id`, `channel_id`, `object_type_id`, `object_id`, `body`, `created_at`, `updated_at`) VALUES ('69', '61', 1, '71', 'Officiis quisquam odit exercitationem non tempora. Dicta consequatur culpa aut officiis eum voluptatem et. Voluptates eius optio quo rem qui voluptatem temporibus.', '1990-07-05 00:02:52', '2007-06-16 16:39:03');
INSERT INTO `comments` (`id`, `channel_id`, `object_type_id`, `object_id`, `body`, `created_at`, `updated_at`) VALUES ('70', '32', 2, '42', 'Eum quo enim laudantium quisquam quia. Optio enim quo dolores et fuga iusto. Beatae voluptatem commodi quasi vitae dolorem.', '2000-12-25 14:42:35', '1994-05-12 07:42:30');
INSERT INTO `comments` (`id`, `channel_id`, `object_type_id`, `object_id`, `body`, `created_at`, `updated_at`) VALUES ('71', '73', 1, '60', 'Et similique exercitationem sed est explicabo. Qui qui optio reprehenderit odit nam voluptate. Unde doloremque tenetur et beatae ea eius.', '2017-01-09 21:46:34', '1977-03-16 14:40:51');
INSERT INTO `comments` (`id`, `channel_id`, `object_type_id`, `object_id`, `body`, `created_at`, `updated_at`) VALUES ('72', '50', 1, '17', 'Qui adipisci pariatur aperiam recusandae. Suscipit vero nemo ut. Consectetur veritatis impedit omnis.', '1994-08-09 02:58:58', '2008-01-26 09:59:14');
INSERT INTO `comments` (`id`, `channel_id`, `object_type_id`, `object_id`, `body`, `created_at`, `updated_at`) VALUES ('73', '19', 2, '99', 'Repellat tempore iste est voluptatum harum qui fugiat. Eos dicta ducimus veritatis. Asperiores quis necessitatibus neque laboriosam consequuntur. Dicta et sint ut ullam nam nobis aperiam molestiae.', '1973-12-23 04:41:01', '1986-12-11 08:10:53');
INSERT INTO `comments` (`id`, `channel_id`, `object_type_id`, `object_id`, `body`, `created_at`, `updated_at`) VALUES ('74', '46', 1, '11', 'Maxime ut repellat ea voluptas nam modi commodi. Ea quos commodi unde. Hic repudiandae fugit rem accusamus sequi officia. Eaque qui explicabo et voluptatum ea ex ipsum. Repellendus impedit alias corporis neque accusantium delectus aut.', '2004-04-06 06:19:13', '1999-03-18 13:00:44');
INSERT INTO `comments` (`id`, `channel_id`, `object_type_id`, `object_id`, `body`, `created_at`, `updated_at`) VALUES ('75', '86', 1, '22', 'Ducimus id ut magni veritatis. Est eum et expedita esse. Dolorem dolores omnis sunt et ipsa officia et similique. Quibusdam aut mollitia sunt beatae.', '1975-02-17 12:55:28', '2009-09-16 07:37:23');
INSERT INTO `comments` (`id`, `channel_id`, `object_type_id`, `object_id`, `body`, `created_at`, `updated_at`) VALUES ('76', '52', 2, '72', 'Reiciendis repellendus et quia ratione dolorem. Velit aut consequatur deserunt at non ratione laboriosam. A eius vitae velit eligendi. Nihil totam est voluptatem repellendus saepe optio.', '2013-03-18 10:04:27', '2001-04-25 14:17:11');
INSERT INTO `comments` (`id`, `channel_id`, `object_type_id`, `object_id`, `body`, `created_at`, `updated_at`) VALUES ('77', '36', 2, '31', 'Veritatis nostrum quae porro non molestiae. Aspernatur aut et labore autem omnis hic est laboriosam.', '1982-06-01 05:47:10', '1976-09-25 03:15:39');
INSERT INTO `comments` (`id`, `channel_id`, `object_type_id`, `object_id`, `body`, `created_at`, `updated_at`) VALUES ('78', '11', 2, '49', 'Enim soluta laudantium voluptas magni maxime. Labore eum qui enim possimus. Dolores laudantium voluptatem sed harum sequi autem accusamus odit.', '1988-12-18 12:13:58', '1972-08-22 23:16:59');
INSERT INTO `comments` (`id`, `channel_id`, `object_type_id`, `object_id`, `body`, `created_at`, `updated_at`) VALUES ('79', '97', 2, '32', 'Doloribus error soluta eos quo. Reprehenderit ratione amet voluptatem. Accusamus quis omnis reiciendis rerum sequi quis. Rerum est nisi quia molestiae perspiciatis debitis. Ut distinctio aspernatur dolorem ea vel commodi ut eum.', '2002-09-22 12:54:55', '1999-02-10 06:58:48');
INSERT INTO `comments` (`id`, `channel_id`, `object_type_id`, `object_id`, `body`, `created_at`, `updated_at`) VALUES ('80', '78', 1, '63', 'Sunt dicta aut quo fugit. Dolorem placeat ea repudiandae qui quo et quia. Excepturi velit eum velit suscipit velit et. Aliquam sed aperiam quos soluta est ab similique.', '2004-12-23 21:29:09', '1972-01-28 06:58:31');
INSERT INTO `comments` (`id`, `channel_id`, `object_type_id`, `object_id`, `body`, `created_at`, `updated_at`) VALUES ('81', '76', 1, '50', 'Enim odio placeat aut aut ipsum. Consequatur culpa provident perferendis esse similique. Illum eaque itaque sapiente dolores ratione.', '1984-08-31 09:30:01', '1978-01-08 15:22:16');
INSERT INTO `comments` (`id`, `channel_id`, `object_type_id`, `object_id`, `body`, `created_at`, `updated_at`) VALUES ('82', '55', 1, '12', 'Vitae corrupti quidem temporibus qui eius earum laborum. Voluptatum est et dolorum numquam ex. Nesciunt nihil eos quibusdam distinctio eos impedit. Possimus quaerat quaerat magnam delectus nesciunt velit cum.', '1973-09-20 20:40:25', '2009-07-05 00:05:12');
INSERT INTO `comments` (`id`, `channel_id`, `object_type_id`, `object_id`, `body`, `created_at`, `updated_at`) VALUES ('83', '63', 2, '97', 'Voluptatum animi vitae quisquam earum quia explicabo. Dolorum quibusdam qui libero voluptatem.', '2001-03-29 07:14:30', '2011-01-29 01:27:53');
INSERT INTO `comments` (`id`, `channel_id`, `object_type_id`, `object_id`, `body`, `created_at`, `updated_at`) VALUES ('84', '69', 1, '51', 'Alias quisquam debitis quo aut. Odio velit quam ut praesentium. Cumque qui sapiente et in maiores. Animi quibusdam maiores accusantium ea. Quisquam iusto qui eius soluta ducimus necessitatibus qui omnis.', '1987-01-13 17:12:56', '1996-08-22 10:57:54');
INSERT INTO `comments` (`id`, `channel_id`, `object_type_id`, `object_id`, `body`, `created_at`, `updated_at`) VALUES ('85', '21', 2, '78', 'Consequatur ex nihil soluta molestiae neque vero itaque. Vitae ad corrupti ipsum et repellendus. Ut at dolor minima aut. Et fugiat adipisci dolor incidunt odio.', '1971-02-16 00:59:42', '1983-11-23 23:18:33');
INSERT INTO `comments` (`id`, `channel_id`, `object_type_id`, `object_id`, `body`, `created_at`, `updated_at`) VALUES ('86', '25', 2, '51', 'Sint aut ea voluptas fugit placeat. Totam et et aut inventore vero est deleniti. Ipsum magni ut corrupti illum. Fugit dicta nobis debitis.', '1998-07-21 08:59:59', '1974-05-06 03:16:57');
INSERT INTO `comments` (`id`, `channel_id`, `object_type_id`, `object_id`, `body`, `created_at`, `updated_at`) VALUES ('87', '26', 1, '31', 'Voluptatibus ipsam dolorem tenetur provident et incidunt voluptatibus. Autem incidunt ducimus qui cumque inventore delectus dolorum. Laboriosam minus est doloribus consequatur tempore doloribus magni. Veritatis illum et id totam iusto architecto laboriosa', '1983-12-05 09:21:48', '1998-02-07 12:04:33');
INSERT INTO `comments` (`id`, `channel_id`, `object_type_id`, `object_id`, `body`, `created_at`, `updated_at`) VALUES ('88', '81', 1, '24', 'Earum architecto exercitationem unde nostrum et fuga sunt. Voluptas reprehenderit ducimus id aperiam. Ut at iusto et. Debitis error possimus eum aut.', '1982-06-23 16:12:34', '1983-09-11 21:12:44');
INSERT INTO `comments` (`id`, `channel_id`, `object_type_id`, `object_id`, `body`, `created_at`, `updated_at`) VALUES ('89', '84', 1, '23', 'Facere fuga pariatur animi nulla qui. Nesciunt quia unde et quia. Sunt repellat consectetur quis doloremque odio.', '1982-10-11 03:20:26', '1982-06-15 01:15:27');
INSERT INTO `comments` (`id`, `channel_id`, `object_type_id`, `object_id`, `body`, `created_at`, `updated_at`) VALUES ('90', '20', 1, '99', 'Illum alias officiis nulla ipsa quidem illo. Ea velit quis temporibus praesentium ratione est non deleniti. Magni ut aperiam ut sapiente.', '1970-07-30 12:29:20', '2015-04-19 04:54:51');
INSERT INTO `comments` (`id`, `channel_id`, `object_type_id`, `object_id`, `body`, `created_at`, `updated_at`) VALUES ('91', '25', 1, '4', 'Repellendus ut et et est commodi quaerat. Perferendis excepturi esse culpa molestiae. Rerum vitae vel reprehenderit repudiandae totam quibusdam.', '1984-10-24 19:29:48', '1989-11-03 12:05:31');
INSERT INTO `comments` (`id`, `channel_id`, `object_type_id`, `object_id`, `body`, `created_at`, `updated_at`) VALUES ('92', '16', 2, '19', 'Omnis doloribus eligendi quam qui. Placeat eius rerum quia omnis nostrum ducimus atque.', '2010-04-07 11:53:29', '1984-09-05 01:06:24');
INSERT INTO `comments` (`id`, `channel_id`, `object_type_id`, `object_id`, `body`, `created_at`, `updated_at`) VALUES ('93', '75', 2, '14', 'Est nisi quia ut porro. Illum tempore architecto deleniti inventore qui minima reiciendis. Eos rerum at rerum commodi et velit eos voluptatibus. At nulla eos voluptas.', '1984-05-03 12:11:23', '2015-03-01 21:27:22');
INSERT INTO `comments` (`id`, `channel_id`, `object_type_id`, `object_id`, `body`, `created_at`, `updated_at`) VALUES ('94', '35', 1, '42', 'Id impedit et eaque necessitatibus. Ut voluptatem architecto vel quis. Quibusdam temporibus qui earum totam omnis quaerat aliquid aut. Aut non neque quasi dolorem non.', '1994-12-28 00:22:30', '2007-07-19 05:49:27');
INSERT INTO `comments` (`id`, `channel_id`, `object_type_id`, `object_id`, `body`, `created_at`, `updated_at`) VALUES ('95', '39', 1, '45', 'Aperiam quia ipsum et ut libero. Modi excepturi tempora nihil voluptates velit. Distinctio corporis similique dolorem dolorem libero. Eos velit modi molestias incidunt praesentium fuga qui. Asperiores voluptatum sit autem sed explicabo in voluptatibus.', '1983-12-30 13:15:39', '2019-01-10 23:30:09');
INSERT INTO `comments` (`id`, `channel_id`, `object_type_id`, `object_id`, `body`, `created_at`, `updated_at`) VALUES ('96', '46', 2, '61', 'A enim consectetur in iusto. Perspiciatis consequatur quia quis aut in. Nihil qui laborum qui exercitationem reprehenderit. Fugiat distinctio molestiae nam alias ullam.', '1998-07-09 22:08:33', '2004-06-27 09:11:37');
INSERT INTO `comments` (`id`, `channel_id`, `object_type_id`, `object_id`, `body`, `created_at`, `updated_at`) VALUES ('97', '81', 1, '70', 'Eum blanditiis et dolores qui consequatur ex. Ut aut quam et quia quaerat porro. Magnam deleniti nihil quaerat tenetur.', '1989-11-25 11:42:33', '1979-06-29 08:42:14');
INSERT INTO `comments` (`id`, `channel_id`, `object_type_id`, `object_id`, `body`, `created_at`, `updated_at`) VALUES ('98', '43', 1, '13', 'Similique non culpa molestiae sunt deserunt. Laudantium rerum consectetur harum minus ratione quia. Quo ullam consequatur est voluptas qui.', '1995-08-24 08:11:23', '1994-09-24 00:25:01');
INSERT INTO `comments` (`id`, `channel_id`, `object_type_id`, `object_id`, `body`, `created_at`, `updated_at`) VALUES ('99', '89', 2, '89', 'Alias optio dolorem ratione odit dicta architecto. Laudantium quis consequatur similique a necessitatibus magnam.', '1985-12-01 16:07:13', '2016-07-16 18:18:42');
INSERT INTO `comments` (`id`, `channel_id`, `object_type_id`, `object_id`, `body`, `created_at`, `updated_at`) VALUES ('100', '54', 1, '76', 'Voluptas et odit consequatur. Cumque accusamus ducimus illum ipsam quaerat vel. Voluptate et tempore odio.', '2010-05-23 22:35:57', '2004-11-10 20:31:03');


INSERT INTO `playlists` (`id`, `name`, `channel_id`, `created_at`, `updated_at`) VALUES (1, 'deleniti', '37', '1978-02-26 14:56:21', '2015-10-21 13:26:41');
INSERT INTO `playlists` (`id`, `name`, `channel_id`, `created_at`, `updated_at`) VALUES (2, 'veritatis', '79', '2000-11-13 19:46:29', '2011-08-02 14:05:50');
INSERT INTO `playlists` (`id`, `name`, `channel_id`, `created_at`, `updated_at`) VALUES (3, 'est', '41', '2004-07-02 10:43:24', '1979-11-17 03:53:23');
INSERT INTO `playlists` (`id`, `name`, `channel_id`, `created_at`, `updated_at`) VALUES (4, 'aut', '69', '2014-07-28 17:22:49', '2013-01-31 11:45:08');
INSERT INTO `playlists` (`id`, `name`, `channel_id`, `created_at`, `updated_at`) VALUES (5, 'unde', '78', '2017-03-14 18:11:14', '2018-12-21 20:52:12');
INSERT INTO `playlists` (`id`, `name`, `channel_id`, `created_at`, `updated_at`) VALUES (6, 'veritatis', '19', '1972-07-26 13:48:56', '2013-03-02 18:29:02');
INSERT INTO `playlists` (`id`, `name`, `channel_id`, `created_at`, `updated_at`) VALUES (7, 'molestiae', '72', '1989-02-15 20:32:16', '2001-06-04 13:26:05');
INSERT INTO `playlists` (`id`, `name`, `channel_id`, `created_at`, `updated_at`) VALUES (8, 'officiis', '18', '1988-05-06 08:48:34', '1972-03-26 20:15:52');
INSERT INTO `playlists` (`id`, `name`, `channel_id`, `created_at`, `updated_at`) VALUES (9, 'consequuntur', '19', '2019-12-17 15:08:16', '1990-07-16 08:12:40');
INSERT INTO `playlists` (`id`, `name`, `channel_id`, `created_at`, `updated_at`) VALUES (10, 'qui', '75', '2003-09-28 09:11:49', '2007-05-20 20:35:22');
INSERT INTO `playlists` (`id`, `name`, `channel_id`, `created_at`, `updated_at`) VALUES (11, 'ut', '100', '2008-07-30 21:55:08', '1985-08-05 22:31:01');
INSERT INTO `playlists` (`id`, `name`, `channel_id`, `created_at`, `updated_at`) VALUES (12, 'similique', '81', '2003-06-17 08:11:32', '2020-01-26 06:14:16');
INSERT INTO `playlists` (`id`, `name`, `channel_id`, `created_at`, `updated_at`) VALUES (13, 'aut', '62', '1982-12-22 11:52:33', '1970-05-01 11:26:37');
INSERT INTO `playlists` (`id`, `name`, `channel_id`, `created_at`, `updated_at`) VALUES (14, 'mollitia', '90', '1981-01-30 13:25:45', '2014-09-29 02:45:45');
INSERT INTO `playlists` (`id`, `name`, `channel_id`, `created_at`, `updated_at`) VALUES (15, 'blanditiis', '49', '1997-03-04 11:49:11', '1983-07-20 15:09:37');
INSERT INTO `playlists` (`id`, `name`, `channel_id`, `created_at`, `updated_at`) VALUES (16, 'magnam', '33', '1993-09-21 05:49:47', '2007-04-22 21:06:45');
INSERT INTO `playlists` (`id`, `name`, `channel_id`, `created_at`, `updated_at`) VALUES (17, 'ipsam', '91', '1973-10-05 08:39:03', '1980-03-19 05:59:04');
INSERT INTO `playlists` (`id`, `name`, `channel_id`, `created_at`, `updated_at`) VALUES (18, 'quaerat', '17', '2002-08-12 21:41:02', '2004-02-19 12:42:56');
INSERT INTO `playlists` (`id`, `name`, `channel_id`, `created_at`, `updated_at`) VALUES (19, 'velit', '17', '1987-12-05 10:25:09', '2011-03-11 05:59:27');
INSERT INTO `playlists` (`id`, `name`, `channel_id`, `created_at`, `updated_at`) VALUES (20, 'minima', '10', '1976-06-12 05:50:00', '1996-10-23 12:33:00');
INSERT INTO `playlists` (`id`, `name`, `channel_id`, `created_at`, `updated_at`) VALUES (21, 'ab', '38', '1995-12-20 20:42:16', '2008-02-19 19:14:33');
INSERT INTO `playlists` (`id`, `name`, `channel_id`, `created_at`, `updated_at`) VALUES (22, 'ea', '9', '1996-02-08 20:25:41', '1998-01-22 19:43:33');
INSERT INTO `playlists` (`id`, `name`, `channel_id`, `created_at`, `updated_at`) VALUES (23, 'recusandae', '19', '1986-05-13 15:05:23', '2006-08-10 22:17:39');
INSERT INTO `playlists` (`id`, `name`, `channel_id`, `created_at`, `updated_at`) VALUES (24, 'delectus', '89', '1985-01-29 11:23:07', '1981-07-15 07:41:52');
INSERT INTO `playlists` (`id`, `name`, `channel_id`, `created_at`, `updated_at`) VALUES (25, 'optio', '83', '2010-03-26 06:41:31', '2017-03-13 14:42:47');
INSERT INTO `playlists` (`id`, `name`, `channel_id`, `created_at`, `updated_at`) VALUES (26, 'nam', '32', '1975-03-25 03:33:10', '1986-01-09 14:18:01');
INSERT INTO `playlists` (`id`, `name`, `channel_id`, `created_at`, `updated_at`) VALUES (27, 'veritatis', '21', '2003-09-30 18:22:48', '1987-03-05 20:50:04');
INSERT INTO `playlists` (`id`, `name`, `channel_id`, `created_at`, `updated_at`) VALUES (28, 'repellat', '29', '1984-03-16 22:25:39', '1979-11-19 05:59:12');
INSERT INTO `playlists` (`id`, `name`, `channel_id`, `created_at`, `updated_at`) VALUES (29, 'iusto', '50', '1982-08-07 23:24:39', '1983-06-18 09:44:32');
INSERT INTO `playlists` (`id`, `name`, `channel_id`, `created_at`, `updated_at`) VALUES (30, 'nostrum', '39', '1980-05-22 20:29:11', '2004-12-19 10:04:28');
INSERT INTO `playlists` (`id`, `name`, `channel_id`, `created_at`, `updated_at`) VALUES (31, 'aspernatur', '69', '2011-02-13 20:36:42', '1996-10-15 17:51:25');
INSERT INTO `playlists` (`id`, `name`, `channel_id`, `created_at`, `updated_at`) VALUES (32, 'consequatur', '61', '2015-10-26 01:48:39', '2019-07-30 23:52:52');
INSERT INTO `playlists` (`id`, `name`, `channel_id`, `created_at`, `updated_at`) VALUES (33, 'sit', '26', '1970-02-04 08:42:38', '1993-02-15 04:36:30');
INSERT INTO `playlists` (`id`, `name`, `channel_id`, `created_at`, `updated_at`) VALUES (34, 'officia', '71', '2004-05-29 22:34:00', '2019-12-26 07:00:27');
INSERT INTO `playlists` (`id`, `name`, `channel_id`, `created_at`, `updated_at`) VALUES (35, 'animi', '76', '1995-06-04 14:55:45', '1982-01-10 07:35:35');
INSERT INTO `playlists` (`id`, `name`, `channel_id`, `created_at`, `updated_at`) VALUES (36, 'voluptatem', '100', '2013-05-11 22:59:25', '1977-02-08 14:20:30');
INSERT INTO `playlists` (`id`, `name`, `channel_id`, `created_at`, `updated_at`) VALUES (37, 'aspernatur', '81', '2000-08-28 23:31:36', '2009-01-02 00:23:38');
INSERT INTO `playlists` (`id`, `name`, `channel_id`, `created_at`, `updated_at`) VALUES (38, 'at', '58', '2012-08-27 15:37:39', '2000-10-27 15:14:38');
INSERT INTO `playlists` (`id`, `name`, `channel_id`, `created_at`, `updated_at`) VALUES (39, 'ut', '76', '1985-10-16 17:12:45', '1970-10-05 16:59:49');
INSERT INTO `playlists` (`id`, `name`, `channel_id`, `created_at`, `updated_at`) VALUES (40, 'rerum', '65', '2016-07-08 20:09:42', '1991-01-11 11:20:14');
INSERT INTO `playlists` (`id`, `name`, `channel_id`, `created_at`, `updated_at`) VALUES (41, 'repudiandae', '67', '1997-03-18 20:32:05', '2006-09-16 10:14:16');
INSERT INTO `playlists` (`id`, `name`, `channel_id`, `created_at`, `updated_at`) VALUES (42, 'repudiandae', '83', '1991-12-11 23:40:59', '2000-08-05 16:36:34');
INSERT INTO `playlists` (`id`, `name`, `channel_id`, `created_at`, `updated_at`) VALUES (43, 'in', '5', '2014-06-04 14:44:49', '2011-12-10 00:19:41');
INSERT INTO `playlists` (`id`, `name`, `channel_id`, `created_at`, `updated_at`) VALUES (44, 'et', '26', '2001-08-04 14:04:17', '2015-08-05 16:50:09');
INSERT INTO `playlists` (`id`, `name`, `channel_id`, `created_at`, `updated_at`) VALUES (45, 'minus', '78', '1971-06-08 22:53:39', '2009-03-07 23:16:07');
INSERT INTO `playlists` (`id`, `name`, `channel_id`, `created_at`, `updated_at`) VALUES (46, 'et', '82', '1974-09-27 13:40:57', '2011-11-28 08:43:44');
INSERT INTO `playlists` (`id`, `name`, `channel_id`, `created_at`, `updated_at`) VALUES (47, 'sunt', '67', '2006-06-24 20:59:06', '2004-08-01 15:52:16');
INSERT INTO `playlists` (`id`, `name`, `channel_id`, `created_at`, `updated_at`) VALUES (48, 'qui', '64', '1992-07-26 15:30:37', '2010-02-06 12:15:22');
INSERT INTO `playlists` (`id`, `name`, `channel_id`, `created_at`, `updated_at`) VALUES (49, 'illum', '95', '1986-03-13 05:27:50', '1989-09-04 14:58:54');
INSERT INTO `playlists` (`id`, `name`, `channel_id`, `created_at`, `updated_at`) VALUES (50, 'dolorum', '65', '1992-08-10 10:42:50', '2017-12-05 05:00:39');
INSERT INTO `playlists` (`id`, `name`, `channel_id`, `created_at`, `updated_at`) VALUES (51, 'magnam', '6', '1971-01-18 03:57:00', '1972-02-18 16:03:59');
INSERT INTO `playlists` (`id`, `name`, `channel_id`, `created_at`, `updated_at`) VALUES (52, 'et', '47', '1999-01-30 00:29:13', '1994-11-03 11:02:01');
INSERT INTO `playlists` (`id`, `name`, `channel_id`, `created_at`, `updated_at`) VALUES (53, 'deserunt', '48', '2003-03-14 22:52:11', '2001-12-01 15:12:10');
INSERT INTO `playlists` (`id`, `name`, `channel_id`, `created_at`, `updated_at`) VALUES (54, 'nihil', '89', '1974-05-10 15:13:12', '1976-08-27 08:02:19');
INSERT INTO `playlists` (`id`, `name`, `channel_id`, `created_at`, `updated_at`) VALUES (55, 'sed', '88', '2001-04-09 10:07:00', '1971-09-05 20:10:50');
INSERT INTO `playlists` (`id`, `name`, `channel_id`, `created_at`, `updated_at`) VALUES (56, 'minus', '44', '2005-07-12 03:51:05', '2002-09-05 08:38:18');
INSERT INTO `playlists` (`id`, `name`, `channel_id`, `created_at`, `updated_at`) VALUES (57, 'rerum', '6', '1979-06-12 06:55:12', '2001-12-08 17:39:28');
INSERT INTO `playlists` (`id`, `name`, `channel_id`, `created_at`, `updated_at`) VALUES (58, 'dicta', '76', '2016-07-19 15:39:35', '1990-09-04 15:47:40');
INSERT INTO `playlists` (`id`, `name`, `channel_id`, `created_at`, `updated_at`) VALUES (59, 'harum', '17', '2009-05-20 05:49:55', '1981-06-30 14:59:31');
INSERT INTO `playlists` (`id`, `name`, `channel_id`, `created_at`, `updated_at`) VALUES (60, 'dolorem', '88', '1988-06-12 03:26:04', '2001-04-09 16:44:39');
INSERT INTO `playlists` (`id`, `name`, `channel_id`, `created_at`, `updated_at`) VALUES (61, 'dicta', '60', '1980-06-13 10:18:28', '1979-10-16 03:33:20');
INSERT INTO `playlists` (`id`, `name`, `channel_id`, `created_at`, `updated_at`) VALUES (62, 'et', '82', '1999-04-01 11:18:21', '2012-12-31 15:23:11');
INSERT INTO `playlists` (`id`, `name`, `channel_id`, `created_at`, `updated_at`) VALUES (63, 'repellendus', '44', '1983-04-12 15:46:16', '1989-07-30 12:08:03');
INSERT INTO `playlists` (`id`, `name`, `channel_id`, `created_at`, `updated_at`) VALUES (64, 'tempore', '94', '2013-09-28 17:35:54', '1998-10-26 11:24:51');
INSERT INTO `playlists` (`id`, `name`, `channel_id`, `created_at`, `updated_at`) VALUES (65, 'nulla', '57', '2007-05-19 13:16:26', '2005-12-19 10:08:00');
INSERT INTO `playlists` (`id`, `name`, `channel_id`, `created_at`, `updated_at`) VALUES (66, 'facilis', '51', '1998-08-08 14:29:15', '1989-01-01 20:15:27');
INSERT INTO `playlists` (`id`, `name`, `channel_id`, `created_at`, `updated_at`) VALUES (67, 'repellendus', '52', '1999-08-10 18:59:43', '1971-07-11 02:38:44');
INSERT INTO `playlists` (`id`, `name`, `channel_id`, `created_at`, `updated_at`) VALUES (68, 'eos', '66', '2000-09-27 22:35:12', '2019-04-17 15:50:09');
INSERT INTO `playlists` (`id`, `name`, `channel_id`, `created_at`, `updated_at`) VALUES (69, 'quaerat', '16', '1979-02-16 19:17:20', '1974-09-11 00:37:42');
INSERT INTO `playlists` (`id`, `name`, `channel_id`, `created_at`, `updated_at`) VALUES (70, 'dolore', '44', '1973-07-21 06:51:16', '1996-05-31 06:03:33');
INSERT INTO `playlists` (`id`, `name`, `channel_id`, `created_at`, `updated_at`) VALUES (71, 'porro', '50', '2016-07-13 01:03:36', '1974-05-15 11:37:18');
INSERT INTO `playlists` (`id`, `name`, `channel_id`, `created_at`, `updated_at`) VALUES (72, 'id', '24', '2013-03-06 03:24:53', '1988-10-04 23:31:07');
INSERT INTO `playlists` (`id`, `name`, `channel_id`, `created_at`, `updated_at`) VALUES (73, 'quod', '63', '2000-03-05 13:03:54', '1973-12-16 10:07:38');
INSERT INTO `playlists` (`id`, `name`, `channel_id`, `created_at`, `updated_at`) VALUES (74, 'sint', '9', '2010-10-19 14:57:13', '1972-09-16 10:31:54');
INSERT INTO `playlists` (`id`, `name`, `channel_id`, `created_at`, `updated_at`) VALUES (75, 'quod', '98', '1994-11-12 12:14:05', '1970-03-18 08:17:41');
INSERT INTO `playlists` (`id`, `name`, `channel_id`, `created_at`, `updated_at`) VALUES (76, 'autem', '29', '1978-06-26 16:59:32', '2007-05-19 23:44:14');
INSERT INTO `playlists` (`id`, `name`, `channel_id`, `created_at`, `updated_at`) VALUES (77, 'ut', '8', '1998-04-25 02:18:10', '1991-02-12 21:27:06');
INSERT INTO `playlists` (`id`, `name`, `channel_id`, `created_at`, `updated_at`) VALUES (78, 'consectetur', '67', '2011-07-11 01:24:22', '1987-06-17 19:55:19');
INSERT INTO `playlists` (`id`, `name`, `channel_id`, `created_at`, `updated_at`) VALUES (79, 'quasi', '15', '1974-02-07 14:26:34', '2003-11-08 17:33:38');
INSERT INTO `playlists` (`id`, `name`, `channel_id`, `created_at`, `updated_at`) VALUES (80, 'cum', '5', '1990-02-25 03:21:06', '1984-08-04 01:27:51');
INSERT INTO `playlists` (`id`, `name`, `channel_id`, `created_at`, `updated_at`) VALUES (81, 'aut', '49', '1990-08-01 15:30:31', '2017-11-07 12:29:26');
INSERT INTO `playlists` (`id`, `name`, `channel_id`, `created_at`, `updated_at`) VALUES (82, 'qui', '8', '1970-03-10 15:35:05', '1974-09-28 23:42:22');
INSERT INTO `playlists` (`id`, `name`, `channel_id`, `created_at`, `updated_at`) VALUES (83, 'rerum', '68', '2006-02-12 10:50:09', '2011-05-12 19:33:20');
INSERT INTO `playlists` (`id`, `name`, `channel_id`, `created_at`, `updated_at`) VALUES (84, 'soluta', '2', '2015-11-13 08:00:40', '1996-08-26 18:02:27');
INSERT INTO `playlists` (`id`, `name`, `channel_id`, `created_at`, `updated_at`) VALUES (85, 'nobis', '74', '2019-04-11 02:51:45', '1992-01-19 06:09:53');
INSERT INTO `playlists` (`id`, `name`, `channel_id`, `created_at`, `updated_at`) VALUES (86, 'soluta', '15', '2013-05-10 15:28:15', '1984-03-15 14:17:10');
INSERT INTO `playlists` (`id`, `name`, `channel_id`, `created_at`, `updated_at`) VALUES (87, 'officiis', '6', '1994-04-12 14:58:33', '1989-07-18 07:26:20');
INSERT INTO `playlists` (`id`, `name`, `channel_id`, `created_at`, `updated_at`) VALUES (88, 'molestias', '85', '1982-01-18 21:15:27', '1972-04-22 21:53:14');
INSERT INTO `playlists` (`id`, `name`, `channel_id`, `created_at`, `updated_at`) VALUES (89, 'et', '11', '1973-04-07 02:10:20', '1989-07-09 02:16:12');
INSERT INTO `playlists` (`id`, `name`, `channel_id`, `created_at`, `updated_at`) VALUES (90, 'reprehenderit', '100', '1971-06-14 21:11:06', '1973-01-19 12:44:43');
INSERT INTO `playlists` (`id`, `name`, `channel_id`, `created_at`, `updated_at`) VALUES (91, 'non', '88', '2012-04-02 08:22:11', '1977-12-27 17:53:58');
INSERT INTO `playlists` (`id`, `name`, `channel_id`, `created_at`, `updated_at`) VALUES (92, 'ea', '13', '1971-07-14 21:24:20', '1975-05-09 06:05:45');
INSERT INTO `playlists` (`id`, `name`, `channel_id`, `created_at`, `updated_at`) VALUES (93, 'aut', '73', '1974-11-20 01:28:27', '2011-05-26 22:31:41');
INSERT INTO `playlists` (`id`, `name`, `channel_id`, `created_at`, `updated_at`) VALUES (94, 'ipsum', '51', '2008-02-27 11:42:33', '1997-05-18 19:30:53');
INSERT INTO `playlists` (`id`, `name`, `channel_id`, `created_at`, `updated_at`) VALUES (95, 'eos', '26', '1988-12-11 13:45:01', '1989-06-13 20:07:25');
INSERT INTO `playlists` (`id`, `name`, `channel_id`, `created_at`, `updated_at`) VALUES (96, 'sed', '28', '2004-12-29 07:38:13', '2013-03-27 10:47:29');
INSERT INTO `playlists` (`id`, `name`, `channel_id`, `created_at`, `updated_at`) VALUES (97, 'nam', '52', '2014-01-30 10:18:51', '2011-03-11 03:06:38');
INSERT INTO `playlists` (`id`, `name`, `channel_id`, `created_at`, `updated_at`) VALUES (98, 'natus', '22', '1974-06-10 10:47:10', '2001-07-17 15:13:37');
INSERT INTO `playlists` (`id`, `name`, `channel_id`, `created_at`, `updated_at`) VALUES (99, 'facilis', '37', '1974-06-17 07:18:57', '1987-01-19 03:28:08');
INSERT INTO `playlists` (`id`, `name`, `channel_id`, `created_at`, `updated_at`) VALUES (100, 'ducimus', '47', '1998-03-25 01:37:41', '2019-02-03 19:04:11');


INSERT INTO `subscriptions` (`channel_id`, `subscription_id`, `subscription_status_id`, `created_at`, `updated_at`) VALUES ('1', '62', 1, '1971-07-22 20:12:38', '1986-11-12 18:21:55');
INSERT INTO `subscriptions` (`channel_id`, `subscription_id`, `subscription_status_id`, `created_at`, `updated_at`) VALUES ('22', '46', 2, '1982-06-11 15:47:04', '2011-07-05 11:57:23');
INSERT INTO `subscriptions` (`channel_id`, `subscription_id`, `subscription_status_id`, `created_at`, `updated_at`) VALUES ('97', '40', 2, '1983-03-10 21:22:18', '2006-12-23 00:02:38');
INSERT INTO `subscriptions` (`channel_id`, `subscription_id`, `subscription_status_id`, `created_at`, `updated_at`) VALUES ('24', '40', 2, '1976-04-02 06:04:05', '1984-11-30 13:26:21');
INSERT INTO `subscriptions` (`channel_id`, `subscription_id`, `subscription_status_id`, `created_at`, `updated_at`) VALUES ('58', '57', 1, '1989-05-14 11:12:52', '2011-01-01 09:19:07');
INSERT INTO `subscriptions` (`channel_id`, `subscription_id`, `subscription_status_id`, `created_at`, `updated_at`) VALUES ('84', '86', 1, '2016-12-24 14:13:50', '1987-10-12 10:40:49');
INSERT INTO `subscriptions` (`channel_id`, `subscription_id`, `subscription_status_id`, `created_at`, `updated_at`) VALUES ('74', '48', 2, '1974-05-13 03:55:59', '1985-11-05 15:47:53');
INSERT INTO `subscriptions` (`channel_id`, `subscription_id`, `subscription_status_id`, `created_at`, `updated_at`) VALUES ('46', '87', 2, '1996-01-30 12:18:35', '1982-01-11 02:57:05');
INSERT INTO `subscriptions` (`channel_id`, `subscription_id`, `subscription_status_id`, `created_at`, `updated_at`) VALUES ('86', '13', 2, '1992-10-29 08:56:01', '2020-02-04 07:17:42');
INSERT INTO `subscriptions` (`channel_id`, `subscription_id`, `subscription_status_id`, `created_at`, `updated_at`) VALUES ('7', '30', 2, '1974-03-22 12:54:35', '1983-07-19 08:20:48');
INSERT INTO `subscriptions` (`channel_id`, `subscription_id`, `subscription_status_id`, `created_at`, `updated_at`) VALUES ('64', '26', 1, '2020-01-21 06:20:25', '2009-05-12 21:51:14');
INSERT INTO `subscriptions` (`channel_id`, `subscription_id`, `subscription_status_id`, `created_at`, `updated_at`) VALUES ('10', '100', 2, '2006-05-05 02:46:57', '1982-09-05 09:11:40');
INSERT INTO `subscriptions` (`channel_id`, `subscription_id`, `subscription_status_id`, `created_at`, `updated_at`) VALUES ('71', '53', 2, '2009-09-23 02:12:52', '1984-10-18 20:40:20');
INSERT INTO `subscriptions` (`channel_id`, `subscription_id`, `subscription_status_id`, `created_at`, `updated_at`) VALUES ('57', '87', 1, '1983-04-28 23:27:09', '2016-02-02 17:06:01');
INSERT INTO `subscriptions` (`channel_id`, `subscription_id`, `subscription_status_id`, `created_at`, `updated_at`) VALUES ('48', '29', 1, '1978-11-09 00:24:15', '2005-07-04 01:17:12');
INSERT INTO `subscriptions` (`channel_id`, `subscription_id`, `subscription_status_id`, `created_at`, `updated_at`) VALUES ('35', '12', 1, '1999-11-12 21:07:47', '1974-02-25 16:47:55');
INSERT INTO `subscriptions` (`channel_id`, `subscription_id`, `subscription_status_id`, `created_at`, `updated_at`) VALUES ('22', '28', 1, '1993-09-24 20:11:52', '2017-08-04 16:18:10');
INSERT INTO `subscriptions` (`channel_id`, `subscription_id`, `subscription_status_id`, `created_at`, `updated_at`) VALUES ('24', '56', 1, '2017-06-25 05:29:31', '2004-03-08 16:53:02');
INSERT INTO `subscriptions` (`channel_id`, `subscription_id`, `subscription_status_id`, `created_at`, `updated_at`) VALUES ('16', '49', 2, '2001-11-27 02:23:50', '1971-12-17 18:45:01');
INSERT INTO `subscriptions` (`channel_id`, `subscription_id`, `subscription_status_id`, `created_at`, `updated_at`) VALUES ('29', '17', 2, '1974-05-03 04:12:00', '1980-12-01 16:04:27');
INSERT INTO `subscriptions` (`channel_id`, `subscription_id`, `subscription_status_id`, `created_at`, `updated_at`) VALUES ('35', '3', 1, '1979-02-16 01:57:11', '1973-05-12 13:32:51');
INSERT INTO `subscriptions` (`channel_id`, `subscription_id`, `subscription_status_id`, `created_at`, `updated_at`) VALUES ('86', '6', 2, '2003-07-05 05:07:00', '1987-02-20 02:41:53');
INSERT INTO `subscriptions` (`channel_id`, `subscription_id`, `subscription_status_id`, `created_at`, `updated_at`) VALUES ('51', '20', 1, '1989-04-30 23:43:50', '1979-01-25 02:48:25');
INSERT INTO `subscriptions` (`channel_id`, `subscription_id`, `subscription_status_id`, `created_at`, `updated_at`) VALUES ('90', '22', 2, '2010-02-13 02:32:32', '2017-06-22 05:41:45');
INSERT INTO `subscriptions` (`channel_id`, `subscription_id`, `subscription_status_id`, `created_at`, `updated_at`) VALUES ('63', '51', 1, '1998-02-27 03:40:27', '2016-06-24 23:01:03');
INSERT INTO `subscriptions` (`channel_id`, `subscription_id`, `subscription_status_id`, `created_at`, `updated_at`) VALUES ('3', '57', 2, '2018-07-26 11:09:05', '2018-08-04 05:22:11');
INSERT INTO `subscriptions` (`channel_id`, `subscription_id`, `subscription_status_id`, `created_at`, `updated_at`) VALUES ('14', '31', 1, '2013-10-31 09:31:29', '1976-08-23 09:25:56');
INSERT INTO `subscriptions` (`channel_id`, `subscription_id`, `subscription_status_id`, `created_at`, `updated_at`) VALUES ('94', '87', 2, '1995-05-11 23:19:16', '1975-08-31 00:53:39');
INSERT INTO `subscriptions` (`channel_id`, `subscription_id`, `subscription_status_id`, `created_at`, `updated_at`) VALUES ('56', '32', 1, '1988-04-06 01:23:50', '1978-10-22 19:38:04');
INSERT INTO `subscriptions` (`channel_id`, `subscription_id`, `subscription_status_id`, `created_at`, `updated_at`) VALUES ('15', '35', 1, '1995-01-10 05:04:02', '1970-05-01 18:31:32');
INSERT INTO `subscriptions` (`channel_id`, `subscription_id`, `subscription_status_id`, `created_at`, `updated_at`) VALUES ('48', '96', 1, '1995-06-10 19:31:01', '1973-08-23 07:04:27');
INSERT INTO `subscriptions` (`channel_id`, `subscription_id`, `subscription_status_id`, `created_at`, `updated_at`) VALUES ('88', '48', 1, '1998-05-28 19:23:03', '2011-05-17 23:46:25');
INSERT INTO `subscriptions` (`channel_id`, `subscription_id`, `subscription_status_id`, `created_at`, `updated_at`) VALUES ('92', '70', 2, '1983-10-07 20:51:42', '1996-02-12 18:09:05');
INSERT INTO `subscriptions` (`channel_id`, `subscription_id`, `subscription_status_id`, `created_at`, `updated_at`) VALUES ('66', '77', 2, '2002-11-08 14:43:30', '2009-03-02 01:09:09');
INSERT INTO `subscriptions` (`channel_id`, `subscription_id`, `subscription_status_id`, `created_at`, `updated_at`) VALUES ('66', '7', 2, '2009-01-23 07:35:06', '2001-05-04 10:41:22');
INSERT INTO `subscriptions` (`channel_id`, `subscription_id`, `subscription_status_id`, `created_at`, `updated_at`) VALUES ('87', '66', 2, '1995-08-23 03:08:11', '2007-05-17 11:56:36');
INSERT INTO `subscriptions` (`channel_id`, `subscription_id`, `subscription_status_id`, `created_at`, `updated_at`) VALUES ('49', '72', 1, '2014-02-02 10:39:05', '1996-11-27 21:19:42');
INSERT INTO `subscriptions` (`channel_id`, `subscription_id`, `subscription_status_id`, `created_at`, `updated_at`) VALUES ('10', '69', 1, '1987-07-04 05:00:54', '1978-02-11 05:40:36');
INSERT INTO `subscriptions` (`channel_id`, `subscription_id`, `subscription_status_id`, `created_at`, `updated_at`) VALUES ('11', '19', 1, '2005-11-23 00:17:42', '1997-05-05 22:42:28');
INSERT INTO `subscriptions` (`channel_id`, `subscription_id`, `subscription_status_id`, `created_at`, `updated_at`) VALUES ('43', '86', 1, '1984-05-03 03:59:55', '2004-11-03 07:23:06');
INSERT INTO `subscriptions` (`channel_id`, `subscription_id`, `subscription_status_id`, `created_at`, `updated_at`) VALUES ('83', '14', 2, '1994-11-26 22:10:27', '1972-04-24 02:22:31');
INSERT INTO `subscriptions` (`channel_id`, `subscription_id`, `subscription_status_id`, `created_at`, `updated_at`) VALUES ('62', '61', 2, '2003-09-25 09:28:21', '2007-11-06 09:25:40');
INSERT INTO `subscriptions` (`channel_id`, `subscription_id`, `subscription_status_id`, `created_at`, `updated_at`) VALUES ('97', '40', 2, '2006-08-30 15:03:07', '1993-09-06 15:32:35');
INSERT INTO `subscriptions` (`channel_id`, `subscription_id`, `subscription_status_id`, `created_at`, `updated_at`) VALUES ('36', '39', 2, '1981-10-02 12:05:47', '2015-06-20 09:58:28');
INSERT INTO `subscriptions` (`channel_id`, `subscription_id`, `subscription_status_id`, `created_at`, `updated_at`) VALUES ('5', '69', 2, '1990-11-13 04:31:49', '2001-09-02 09:11:37');
INSERT INTO `subscriptions` (`channel_id`, `subscription_id`, `subscription_status_id`, `created_at`, `updated_at`) VALUES ('30', '60', 2, '2011-07-05 13:08:44', '1984-05-07 15:25:03');
INSERT INTO `subscriptions` (`channel_id`, `subscription_id`, `subscription_status_id`, `created_at`, `updated_at`) VALUES ('18', '72', 1, '1999-03-27 08:57:19', '1980-06-02 20:22:43');
INSERT INTO `subscriptions` (`channel_id`, `subscription_id`, `subscription_status_id`, `created_at`, `updated_at`) VALUES ('17', '53', 1, '2019-06-03 15:21:15', '1978-09-22 03:49:53');
INSERT INTO `subscriptions` (`channel_id`, `subscription_id`, `subscription_status_id`, `created_at`, `updated_at`) VALUES ('45', '9', 2, '1979-08-10 13:24:37', '1998-07-03 02:18:49');
INSERT INTO `subscriptions` (`channel_id`, `subscription_id`, `subscription_status_id`, `created_at`, `updated_at`) VALUES ('18', '61', 2, '1985-11-01 08:20:57', '1988-07-04 08:10:35');
INSERT INTO `subscriptions` (`channel_id`, `subscription_id`, `subscription_status_id`, `created_at`, `updated_at`) VALUES ('26', '16', 2, '2006-11-24 04:45:44', '2003-10-03 14:04:01');
INSERT INTO `subscriptions` (`channel_id`, `subscription_id`, `subscription_status_id`, `created_at`, `updated_at`) VALUES ('37', '54', 1, '1985-07-03 14:11:02', '1998-08-05 17:33:58');
INSERT INTO `subscriptions` (`channel_id`, `subscription_id`, `subscription_status_id`, `created_at`, `updated_at`) VALUES ('64', '5', 1, '1981-02-28 22:25:36', '1979-08-29 01:36:01');
INSERT INTO `subscriptions` (`channel_id`, `subscription_id`, `subscription_status_id`, `created_at`, `updated_at`) VALUES ('1', '85', 1, '1994-10-23 18:18:50', '2002-01-22 13:09:15');
INSERT INTO `subscriptions` (`channel_id`, `subscription_id`, `subscription_status_id`, `created_at`, `updated_at`) VALUES ('62', '49', 1, '1988-08-02 06:50:46', '1974-01-25 13:06:20');
INSERT INTO `subscriptions` (`channel_id`, `subscription_id`, `subscription_status_id`, `created_at`, `updated_at`) VALUES ('45', '78', 1, '2016-12-05 16:38:09', '1998-06-07 23:33:19');
INSERT INTO `subscriptions` (`channel_id`, `subscription_id`, `subscription_status_id`, `created_at`, `updated_at`) VALUES ('57', '86', 1, '1972-08-30 04:19:13', '1997-01-12 12:27:29');
INSERT INTO `subscriptions` (`channel_id`, `subscription_id`, `subscription_status_id`, `created_at`, `updated_at`) VALUES ('92', '53', 1, '2020-01-01 11:45:37', '2015-05-26 06:25:34');
INSERT INTO `subscriptions` (`channel_id`, `subscription_id`, `subscription_status_id`, `created_at`, `updated_at`) VALUES ('75', '6', 1, '1979-02-07 22:26:13', '2018-07-01 04:53:36');
INSERT INTO `subscriptions` (`channel_id`, `subscription_id`, `subscription_status_id`, `created_at`, `updated_at`) VALUES ('24', '49', 1, '1978-04-09 12:23:51', '2011-02-27 22:48:08');
INSERT INTO `subscriptions` (`channel_id`, `subscription_id`, `subscription_status_id`, `created_at`, `updated_at`) VALUES ('16', '35', 2, '1998-10-12 05:36:15', '2002-07-02 12:19:46');
INSERT INTO `subscriptions` (`channel_id`, `subscription_id`, `subscription_status_id`, `created_at`, `updated_at`) VALUES ('50', '68', 1, '2019-10-23 08:49:17', '1984-04-03 00:27:01');
INSERT INTO `subscriptions` (`channel_id`, `subscription_id`, `subscription_status_id`, `created_at`, `updated_at`) VALUES ('19', '11', 2, '2003-07-06 05:56:24', '2010-01-22 06:23:05');
INSERT INTO `subscriptions` (`channel_id`, `subscription_id`, `subscription_status_id`, `created_at`, `updated_at`) VALUES ('32', '6', 1, '1992-06-29 04:09:06', '1987-08-16 22:20:34');
INSERT INTO `subscriptions` (`channel_id`, `subscription_id`, `subscription_status_id`, `created_at`, `updated_at`) VALUES ('74', '37', 1, '1986-02-13 22:34:37', '2009-01-31 07:27:43');
INSERT INTO `subscriptions` (`channel_id`, `subscription_id`, `subscription_status_id`, `created_at`, `updated_at`) VALUES ('97', '20', 1, '2014-03-30 13:26:17', '1992-07-14 03:20:42');
INSERT INTO `subscriptions` (`channel_id`, `subscription_id`, `subscription_status_id`, `created_at`, `updated_at`) VALUES ('63', '29', 1, '1974-04-23 20:09:37', '1970-03-10 21:53:30');
INSERT INTO `subscriptions` (`channel_id`, `subscription_id`, `subscription_status_id`, `created_at`, `updated_at`) VALUES ('1', '60', 2, '1987-03-03 10:30:12', '1993-06-14 19:48:43');
INSERT INTO `subscriptions` (`channel_id`, `subscription_id`, `subscription_status_id`, `created_at`, `updated_at`) VALUES ('66', '22', 1, '1998-09-15 10:00:16', '2011-01-21 08:05:29');
INSERT INTO `subscriptions` (`channel_id`, `subscription_id`, `subscription_status_id`, `created_at`, `updated_at`) VALUES ('96', '51', 2, '2010-09-06 12:26:00', '1995-11-04 07:41:44');
INSERT INTO `subscriptions` (`channel_id`, `subscription_id`, `subscription_status_id`, `created_at`, `updated_at`) VALUES ('10', '92', 1, '1983-04-04 01:05:17', '1978-04-01 16:40:14');
INSERT INTO `subscriptions` (`channel_id`, `subscription_id`, `subscription_status_id`, `created_at`, `updated_at`) VALUES ('90', '54', 2, '1994-04-02 17:03:25', '1985-02-08 22:56:03');
INSERT INTO `subscriptions` (`channel_id`, `subscription_id`, `subscription_status_id`, `created_at`, `updated_at`) VALUES ('32', '45', 2, '2019-07-07 07:13:27', '1977-06-20 05:49:48');
INSERT INTO `subscriptions` (`channel_id`, `subscription_id`, `subscription_status_id`, `created_at`, `updated_at`) VALUES ('64', '24', 2, '2019-09-04 17:44:38', '2018-01-27 15:20:04');
INSERT INTO `subscriptions` (`channel_id`, `subscription_id`, `subscription_status_id`, `created_at`, `updated_at`) VALUES ('31', '84', 2, '2017-12-24 09:55:11', '2011-11-02 18:32:55');
INSERT INTO `subscriptions` (`channel_id`, `subscription_id`, `subscription_status_id`, `created_at`, `updated_at`) VALUES ('52', '51', 1, '1988-01-23 06:47:45', '2002-12-27 20:17:27');
INSERT INTO `subscriptions` (`channel_id`, `subscription_id`, `subscription_status_id`, `created_at`, `updated_at`) VALUES ('55', '33', 1, '2018-08-04 10:32:28', '1987-12-16 08:41:59');
INSERT INTO `subscriptions` (`channel_id`, `subscription_id`, `subscription_status_id`, `created_at`, `updated_at`) VALUES ('81', '17', 2, '1989-10-11 02:51:38', '2006-08-14 22:57:47');
INSERT INTO `subscriptions` (`channel_id`, `subscription_id`, `subscription_status_id`, `created_at`, `updated_at`) VALUES ('22', '28', 1, '1981-11-17 04:03:40', '2014-11-03 07:15:14');
INSERT INTO `subscriptions` (`channel_id`, `subscription_id`, `subscription_status_id`, `created_at`, `updated_at`) VALUES ('10', '82', 2, '2016-01-24 19:09:07', '1978-06-19 18:21:21');
INSERT INTO `subscriptions` (`channel_id`, `subscription_id`, `subscription_status_id`, `created_at`, `updated_at`) VALUES ('87', '53', 2, '2018-04-02 23:38:28', '1992-04-08 09:05:01');
INSERT INTO `subscriptions` (`channel_id`, `subscription_id`, `subscription_status_id`, `created_at`, `updated_at`) VALUES ('90', '28', 1, '2000-02-24 04:38:37', '1997-04-30 18:31:48');
INSERT INTO `subscriptions` (`channel_id`, `subscription_id`, `subscription_status_id`, `created_at`, `updated_at`) VALUES ('36', '65', 2, '1994-03-04 06:02:09', '1976-04-29 15:22:18');
INSERT INTO `subscriptions` (`channel_id`, `subscription_id`, `subscription_status_id`, `created_at`, `updated_at`) VALUES ('2', '75', 1, '1981-11-12 22:16:18', '2011-03-13 23:52:04');
INSERT INTO `subscriptions` (`channel_id`, `subscription_id`, `subscription_status_id`, `created_at`, `updated_at`) VALUES ('46', '10', 1, '1988-08-08 14:10:49', '1997-04-03 11:36:47');
INSERT INTO `subscriptions` (`channel_id`, `subscription_id`, `subscription_status_id`, `created_at`, `updated_at`) VALUES ('5', '93', 1, '2010-07-28 22:46:53', '2007-07-28 17:10:44');
INSERT INTO `subscriptions` (`channel_id`, `subscription_id`, `subscription_status_id`, `created_at`, `updated_at`) VALUES ('47', '100', 2, '1974-10-11 03:08:14', '2005-05-06 15:04:51');
INSERT INTO `subscriptions` (`channel_id`, `subscription_id`, `subscription_status_id`, `created_at`, `updated_at`) VALUES ('61', '74', 2, '1998-10-03 19:06:44', '2017-10-04 16:37:54');
INSERT INTO `subscriptions` (`channel_id`, `subscription_id`, `subscription_status_id`, `created_at`, `updated_at`) VALUES ('24', '62', 2, '1973-05-23 19:51:15', '1982-12-26 23:52:16');
INSERT INTO `subscriptions` (`channel_id`, `subscription_id`, `subscription_status_id`, `created_at`, `updated_at`) VALUES ('67', '2', 2, '1997-04-17 17:21:23', '1975-06-15 23:17:55');
INSERT INTO `subscriptions` (`channel_id`, `subscription_id`, `subscription_status_id`, `created_at`, `updated_at`) VALUES ('64', '15', 2, '1972-12-05 15:15:02', '2015-04-29 06:45:32');
INSERT INTO `subscriptions` (`channel_id`, `subscription_id`, `subscription_status_id`, `created_at`, `updated_at`) VALUES ('22', '85', 2, '1974-01-17 10:19:09', '2007-03-20 04:36:15');
INSERT INTO `subscriptions` (`channel_id`, `subscription_id`, `subscription_status_id`, `created_at`, `updated_at`) VALUES ('61', '83', 2, '1983-07-23 20:16:38', '2017-04-06 13:07:37');
INSERT INTO `subscriptions` (`channel_id`, `subscription_id`, `subscription_status_id`, `created_at`, `updated_at`) VALUES ('56', '45', 1, '2002-11-11 04:21:56', '1982-09-05 09:07:54');
INSERT INTO `subscriptions` (`channel_id`, `subscription_id`, `subscription_status_id`, `created_at`, `updated_at`) VALUES ('68', '45', 2, '1985-07-18 14:59:30', '1992-12-19 03:23:39');
INSERT INTO `subscriptions` (`channel_id`, `subscription_id`, `subscription_status_id`, `created_at`, `updated_at`) VALUES ('99', '59', 1, '2000-09-28 13:04:08', '2008-04-03 16:14:20');
INSERT INTO `subscriptions` (`channel_id`, `subscription_id`, `subscription_status_id`, `created_at`, `updated_at`) VALUES ('66', '2', 2, '1976-01-24 09:49:37', '1981-04-23 09:12:36');
INSERT INTO `subscriptions` (`channel_id`, `subscription_id`, `subscription_status_id`, `created_at`, `updated_at`) VALUES ('100', '89', 2, '1984-10-19 01:09:36', '1982-03-27 10:10:40');
INSERT INTO `subscriptions` (`channel_id`, `subscription_id`, `subscription_status_id`, `created_at`, `updated_at`) VALUES ('72', '13', 1, '1996-11-07 14:06:38', '1998-07-15 18:52:29');
INSERT INTO `subscriptions` (`channel_id`, `subscription_id`, `subscription_status_id`, `created_at`, `updated_at`) VALUES ('23', '97', 1, '2002-02-18 08:29:11', '2017-03-26 03:20:17');


INSERT INTO `videos_playlists` (`playlist_id`, `video_id`, `created_at`) VALUES (60, '28', '1985-03-05 06:46:27');
INSERT INTO `videos_playlists` (`playlist_id`, `video_id`, `created_at`) VALUES (63, '67', '2014-07-31 10:54:21');
INSERT INTO `videos_playlists` (`playlist_id`, `video_id`, `created_at`) VALUES (56, '2', '2006-05-25 04:01:43');
INSERT INTO `videos_playlists` (`playlist_id`, `video_id`, `created_at`) VALUES (74, '58', '1987-05-26 09:24:22');
INSERT INTO `videos_playlists` (`playlist_id`, `video_id`, `created_at`) VALUES (22, '60', '2012-09-05 03:10:16');
INSERT INTO `videos_playlists` (`playlist_id`, `video_id`, `created_at`) VALUES (4, '42', '2010-06-21 21:11:03');
INSERT INTO `videos_playlists` (`playlist_id`, `video_id`, `created_at`) VALUES (26, '30', '2013-10-16 08:16:03');
INSERT INTO `videos_playlists` (`playlist_id`, `video_id`, `created_at`) VALUES (64, '67', '1971-09-11 06:40:23');
INSERT INTO `videos_playlists` (`playlist_id`, `video_id`, `created_at`) VALUES (10, '69', '1981-08-25 09:12:42');
INSERT INTO `videos_playlists` (`playlist_id`, `video_id`, `created_at`) VALUES (15, '89', '1983-01-16 05:39:26');
INSERT INTO `videos_playlists` (`playlist_id`, `video_id`, `created_at`) VALUES (27, '94', '1992-01-26 06:16:54');
INSERT INTO `videos_playlists` (`playlist_id`, `video_id`, `created_at`) VALUES (88, '99', '2011-03-13 13:52:38');
INSERT INTO `videos_playlists` (`playlist_id`, `video_id`, `created_at`) VALUES (77, '65', '1970-07-07 04:54:13');
INSERT INTO `videos_playlists` (`playlist_id`, `video_id`, `created_at`) VALUES (30, '43', '1986-04-23 21:14:14');
INSERT INTO `videos_playlists` (`playlist_id`, `video_id`, `created_at`) VALUES (24, '4', '2013-08-03 12:06:07');
INSERT INTO `videos_playlists` (`playlist_id`, `video_id`, `created_at`) VALUES (30, '98', '2014-03-23 02:58:54');
INSERT INTO `videos_playlists` (`playlist_id`, `video_id`, `created_at`) VALUES (65, '26', '1972-07-01 00:01:55');
INSERT INTO `videos_playlists` (`playlist_id`, `video_id`, `created_at`) VALUES (61, '23', '2003-10-29 22:32:58');
INSERT INTO `videos_playlists` (`playlist_id`, `video_id`, `created_at`) VALUES (19, '12', '1976-06-20 17:26:00');
INSERT INTO `videos_playlists` (`playlist_id`, `video_id`, `created_at`) VALUES (87, '15', '2004-05-27 23:50:14');
INSERT INTO `videos_playlists` (`playlist_id`, `video_id`, `created_at`) VALUES (5, '82', '1996-09-23 16:41:34');
INSERT INTO `videos_playlists` (`playlist_id`, `video_id`, `created_at`) VALUES (30, '46', '1971-10-21 08:46:48');
INSERT INTO `videos_playlists` (`playlist_id`, `video_id`, `created_at`) VALUES (26, '71', '2017-10-25 02:30:04');
INSERT INTO `videos_playlists` (`playlist_id`, `video_id`, `created_at`) VALUES (42, '69', '2009-09-28 22:13:40');
INSERT INTO `videos_playlists` (`playlist_id`, `video_id`, `created_at`) VALUES (77, '92', '1974-01-24 23:34:58');
INSERT INTO `videos_playlists` (`playlist_id`, `video_id`, `created_at`) VALUES (47, '48', '1975-04-08 21:19:49');
INSERT INTO `videos_playlists` (`playlist_id`, `video_id`, `created_at`) VALUES (64, '56', '1996-03-08 04:40:37');
INSERT INTO `videos_playlists` (`playlist_id`, `video_id`, `created_at`) VALUES (29, '59', '2001-07-05 03:40:50');
INSERT INTO `videos_playlists` (`playlist_id`, `video_id`, `created_at`) VALUES (28, '3', '2009-03-31 22:10:13');
INSERT INTO `videos_playlists` (`playlist_id`, `video_id`, `created_at`) VALUES (53, '16', '1982-09-11 05:54:29');
INSERT INTO `videos_playlists` (`playlist_id`, `video_id`, `created_at`) VALUES (59, '45', '2010-03-09 17:28:07');
INSERT INTO `videos_playlists` (`playlist_id`, `video_id`, `created_at`) VALUES (66, '16', '1978-09-03 01:18:40');
INSERT INTO `videos_playlists` (`playlist_id`, `video_id`, `created_at`) VALUES (46, '100', '2001-09-17 19:01:16');
INSERT INTO `videos_playlists` (`playlist_id`, `video_id`, `created_at`) VALUES (53, '16', '2009-04-19 14:57:12');
INSERT INTO `videos_playlists` (`playlist_id`, `video_id`, `created_at`) VALUES (87, '28', '1982-11-08 16:22:22');
INSERT INTO `videos_playlists` (`playlist_id`, `video_id`, `created_at`) VALUES (39, '78', '1998-09-21 04:54:16');
INSERT INTO `videos_playlists` (`playlist_id`, `video_id`, `created_at`) VALUES (49, '100', '1970-11-29 16:26:09');
INSERT INTO `videos_playlists` (`playlist_id`, `video_id`, `created_at`) VALUES (30, '94', '2017-03-01 10:43:26');
INSERT INTO `videos_playlists` (`playlist_id`, `video_id`, `created_at`) VALUES (67, '59', '2011-03-17 12:29:03');
INSERT INTO `videos_playlists` (`playlist_id`, `video_id`, `created_at`) VALUES (37, '10', '2010-12-16 14:02:26');
INSERT INTO `videos_playlists` (`playlist_id`, `video_id`, `created_at`) VALUES (7, '52', '1975-11-26 08:07:35');
INSERT INTO `videos_playlists` (`playlist_id`, `video_id`, `created_at`) VALUES (79, '88', '1984-02-08 08:05:15');
INSERT INTO `videos_playlists` (`playlist_id`, `video_id`, `created_at`) VALUES (44, '9', '1982-02-23 10:05:27');
INSERT INTO `videos_playlists` (`playlist_id`, `video_id`, `created_at`) VALUES (44, '81', '2018-07-05 08:42:16');
INSERT INTO `videos_playlists` (`playlist_id`, `video_id`, `created_at`) VALUES (92, '41', '2015-11-01 09:12:59');
INSERT INTO `videos_playlists` (`playlist_id`, `video_id`, `created_at`) VALUES (17, '48', '2016-12-28 22:25:58');
INSERT INTO `videos_playlists` (`playlist_id`, `video_id`, `created_at`) VALUES (62, '84', '2008-11-24 07:45:55');
INSERT INTO `videos_playlists` (`playlist_id`, `video_id`, `created_at`) VALUES (88, '20', '2012-05-01 00:58:41');
INSERT INTO `videos_playlists` (`playlist_id`, `video_id`, `created_at`) VALUES (87, '39', '1997-02-26 19:19:15');
INSERT INTO `videos_playlists` (`playlist_id`, `video_id`, `created_at`) VALUES (82, '35', '2010-10-31 15:37:56');
INSERT INTO `videos_playlists` (`playlist_id`, `video_id`, `created_at`) VALUES (35, '24', '2003-06-08 21:03:01');
INSERT INTO `videos_playlists` (`playlist_id`, `video_id`, `created_at`) VALUES (49, '57', '2005-03-12 19:33:36');
INSERT INTO `videos_playlists` (`playlist_id`, `video_id`, `created_at`) VALUES (53, '13', '2003-08-06 05:15:48');
INSERT INTO `videos_playlists` (`playlist_id`, `video_id`, `created_at`) VALUES (15, '22', '2009-10-30 15:33:08');
INSERT INTO `videos_playlists` (`playlist_id`, `video_id`, `created_at`) VALUES (88, '75', '1984-06-12 23:09:00');
INSERT INTO `videos_playlists` (`playlist_id`, `video_id`, `created_at`) VALUES (48, '16', '1989-11-16 06:49:24');
INSERT INTO `videos_playlists` (`playlist_id`, `video_id`, `created_at`) VALUES (29, '24', '1991-03-25 15:10:46');
INSERT INTO `videos_playlists` (`playlist_id`, `video_id`, `created_at`) VALUES (22, '48', '2013-03-19 01:25:08');
INSERT INTO `videos_playlists` (`playlist_id`, `video_id`, `created_at`) VALUES (86, '21', '2002-02-26 04:09:25');
INSERT INTO `videos_playlists` (`playlist_id`, `video_id`, `created_at`) VALUES (92, '39', '1991-02-05 23:06:50');
INSERT INTO `videos_playlists` (`playlist_id`, `video_id`, `created_at`) VALUES (46, '62', '2013-09-19 05:40:10');
INSERT INTO `videos_playlists` (`playlist_id`, `video_id`, `created_at`) VALUES (9, '1', '1991-05-16 07:09:54');
INSERT INTO `videos_playlists` (`playlist_id`, `video_id`, `created_at`) VALUES (74, '65', '1970-07-03 06:41:33');
INSERT INTO `videos_playlists` (`playlist_id`, `video_id`, `created_at`) VALUES (55, '27', '1995-01-22 07:14:06');
INSERT INTO `videos_playlists` (`playlist_id`, `video_id`, `created_at`) VALUES (28, '42', '1977-08-12 06:05:30');
INSERT INTO `videos_playlists` (`playlist_id`, `video_id`, `created_at`) VALUES (82, '66', '2016-04-12 08:21:37');
INSERT INTO `videos_playlists` (`playlist_id`, `video_id`, `created_at`) VALUES (30, '26', '2018-06-12 11:47:31');
INSERT INTO `videos_playlists` (`playlist_id`, `video_id`, `created_at`) VALUES (74, '56', '1988-02-10 14:30:10');
INSERT INTO `videos_playlists` (`playlist_id`, `video_id`, `created_at`) VALUES (20, '93', '1972-02-27 11:58:15');
INSERT INTO `videos_playlists` (`playlist_id`, `video_id`, `created_at`) VALUES (30, '65', '1999-01-18 00:47:05');
INSERT INTO `videos_playlists` (`playlist_id`, `video_id`, `created_at`) VALUES (25, '36', '2011-06-25 19:50:14');
INSERT INTO `videos_playlists` (`playlist_id`, `video_id`, `created_at`) VALUES (42, '6', '1973-10-14 19:24:43');
INSERT INTO `videos_playlists` (`playlist_id`, `video_id`, `created_at`) VALUES (34, '64', '1992-09-22 13:28:51');
INSERT INTO `videos_playlists` (`playlist_id`, `video_id`, `created_at`) VALUES (70, '3', '1989-09-04 05:34:12');
INSERT INTO `videos_playlists` (`playlist_id`, `video_id`, `created_at`) VALUES (57, '91', '1982-01-23 05:02:12');
INSERT INTO `videos_playlists` (`playlist_id`, `video_id`, `created_at`) VALUES (55, '70', '2007-12-16 04:33:10');
INSERT INTO `videos_playlists` (`playlist_id`, `video_id`, `created_at`) VALUES (83, '58', '2003-11-27 13:00:44');
INSERT INTO `videos_playlists` (`playlist_id`, `video_id`, `created_at`) VALUES (3, '90', '1993-10-03 21:08:15');
INSERT INTO `videos_playlists` (`playlist_id`, `video_id`, `created_at`) VALUES (1, '49', '1998-11-26 15:14:08');
INSERT INTO `videos_playlists` (`playlist_id`, `video_id`, `created_at`) VALUES (69, '47', '1983-12-29 21:33:48');
INSERT INTO `videos_playlists` (`playlist_id`, `video_id`, `created_at`) VALUES (64, '9', '1985-05-21 15:52:06');
INSERT INTO `videos_playlists` (`playlist_id`, `video_id`, `created_at`) VALUES (93, '71', '2019-08-25 20:40:49');
INSERT INTO `videos_playlists` (`playlist_id`, `video_id`, `created_at`) VALUES (67, '73', '1993-01-09 14:37:44');
INSERT INTO `videos_playlists` (`playlist_id`, `video_id`, `created_at`) VALUES (47, '43', '2015-08-24 19:52:20');
INSERT INTO `videos_playlists` (`playlist_id`, `video_id`, `created_at`) VALUES (28, '6', '2015-07-07 05:29:41');
INSERT INTO `videos_playlists` (`playlist_id`, `video_id`, `created_at`) VALUES (8, '67', '2000-03-07 17:41:31');
INSERT INTO `videos_playlists` (`playlist_id`, `video_id`, `created_at`) VALUES (28, '12', '1996-12-11 04:22:48');
INSERT INTO `videos_playlists` (`playlist_id`, `video_id`, `created_at`) VALUES (84, '29', '1986-10-01 23:33:02');
INSERT INTO `videos_playlists` (`playlist_id`, `video_id`, `created_at`) VALUES (53, '79', '2005-11-16 19:54:37');
INSERT INTO `videos_playlists` (`playlist_id`, `video_id`, `created_at`) VALUES (9, '5', '2017-03-05 02:16:06');
INSERT INTO `videos_playlists` (`playlist_id`, `video_id`, `created_at`) VALUES (48, '30', '1986-02-21 02:16:25');
INSERT INTO `videos_playlists` (`playlist_id`, `video_id`, `created_at`) VALUES (43, '89', '2009-01-05 08:55:15');
INSERT INTO `videos_playlists` (`playlist_id`, `video_id`, `created_at`) VALUES (28, '60', '1985-06-01 20:08:27');
INSERT INTO `videos_playlists` (`playlist_id`, `video_id`, `created_at`) VALUES (98, '73', '2005-11-05 02:16:54');
INSERT INTO `videos_playlists` (`playlist_id`, `video_id`, `created_at`) VALUES (10, '62', '1993-04-06 21:02:37');
INSERT INTO `videos_playlists` (`playlist_id`, `video_id`, `created_at`) VALUES (66, '94', '1977-12-28 05:15:51');
INSERT INTO `videos_playlists` (`playlist_id`, `video_id`, `created_at`) VALUES (5, '19', '1990-11-30 23:36:11');
INSERT INTO `videos_playlists` (`playlist_id`, `video_id`, `created_at`) VALUES (60, '82', '1971-10-16 22:13:13');
INSERT INTO `videos_playlists` (`playlist_id`, `video_id`, `created_at`) VALUES (20, '8', '1981-04-01 10:10:00');
INSERT INTO `videos_playlists` (`playlist_id`, `video_id`, `created_at`) VALUES (6, '54', '2000-04-21 07:48:44');

