DROP DATABASE IF EXISTS vk;
CREATE DATABASE vk;

USE vk;


-- communities;

DROP TABLE IF EXISTS `communities`;
CREATE TABLE `communities` (
  `id` int(10) unsigned NOT NULL AUTO_INCREMENT,
  `name` varchar(150) CHARACTER SET utf8 COLLATE utf8_unicode_ci NOT NULL,
  PRIMARY KEY (`id`),
  UNIQUE KEY `name` (`name`)
) ENGINE=InnoDB AUTO_INCREMENT=11 DEFAULT CHARSET=utf8 COLLATE=utf8_unicode_ci;

INSERT INTO `communities` VALUES (4,'altenwerth'),(8,'bahringersauer'),(5,'bashirian'),(9,'donnelly'),(1,'ferry'),(7,'fritsch'),(2,'hegmann'),(6,'oreilly'),(3,'wiza'),(10,'yost');


-- communities_users

DROP TABLE IF EXISTS `communities_users`;
CREATE TABLE `communities_users` (
  `community_id` int(10) unsigned NOT NULL,
  `user_id` int(10) unsigned NOT NULL,
  PRIMARY KEY (`community_id`,`user_id`)
) ENGINE=InnoDB DEFAULT CHARSET=utf8 COLLATE=utf8_unicode_ci;

INSERT INTO `communities_users` VALUES (1,1),(1,11),(1,21),(1,31),(1,41),(1,51),(1,61),(1,71),(1,81),(1,91),(2,2),(2,12),(2,22),(2,32),(2,42),(2,52),(2,62),(2,72),(2,82),(2,92),(3,3),(3,13),(3,23),(3,33),(3,43),(3,53),(3,63),(3,73),(3,83),(3,93),(4,4),(4,14),(4,24),(4,34),(4,44),(4,54),(4,64),(4,74),(4,84),(4,94),(5,5),(5,15),(5,25),(5,35),(5,45),(5,55),(5,65),(5,75),(5,85),(5,95),(6,6),(6,16),(6,26),(6,36),(6,46),(6,56),(6,66),(6,76),(6,86),(6,96),(7,7),(7,17),(7,27),(7,37),(7,47),(7,57),(7,67),(7,77),(7,87),(7,97),(8,8),(8,18),(8,28),(8,38),(8,48),(8,58),(8,68),(8,78),(8,88),(8,98),(9,9),(9,19),(9,29),(9,39),(9,49),(9,59),(9,69),(9,79),(9,89),(9,99),(10,10),(10,20),(10,30),(10,40),(10,50),(10,60),(10,70),(10,80),(10,90),(10,100);


-- friendship

DROP TABLE IF EXISTS `friendship`;
CREATE TABLE `friendship` (
  `user_id` int(10) unsigned NOT NULL,
  `friend_id` int(10) unsigned NOT NULL,
  `status_id` int(10) unsigned NOT NULL,
  `requested_at` datetime DEFAULT CURRENT_TIMESTAMP,
  `confirmed_at` datetime DEFAULT NULL,
  PRIMARY KEY (`user_id`,`friend_id`)
) ENGINE=InnoDB DEFAULT CHARSET=utf8 COLLATE=utf8_unicode_ci;

INSERT INTO `friendship` VALUES (1,47,1,'2016-07-29 10:27:11','1996-01-01 13:30:37'),(2,82,2,'1987-03-16 07:06:32','1986-09-14 20:54:00'),(3,42,2,'1977-05-11 03:02:27','2017-04-25 10:54:21'),(3,71,2,'1984-03-16 08:45:24','1992-03-06 21:47:54'),(4,40,2,'2011-04-25 17:28:56','1992-10-17 01:12:18'),(7,32,2,'2001-12-10 10:44:22','1985-02-21 12:55:07'),(7,36,2,'1985-07-31 09:41:35','2015-12-11 17:47:01'),(7,87,1,'1990-08-18 13:10:36','2018-10-31 08:52:13'),(7,89,1,'1970-06-21 10:51:28','2003-07-06 11:58:55'),(11,95,1,'2017-04-18 01:21:00','2019-03-25 13:09:02'),(12,85,1,'2011-11-09 20:42:11','1992-12-15 02:25:18'),(13,68,1,'1994-07-25 01:23:01','1992-08-11 01:15:31'),(14,87,1,'2012-11-25 11:23:21','1998-12-31 08:51:11'),(15,60,1,'1997-08-17 17:26:38','1993-09-27 10:41:54'),(16,94,2,'1973-05-12 04:50:09','1988-10-25 03:16:12'),(18,31,1,'1970-07-25 14:22:18','1977-08-04 13:24:06'),(19,77,2,'1994-05-08 17:23:27','2003-07-24 11:27:18'),(21,23,1,'1975-01-26 06:07:17','1975-08-06 17:39:06'),(21,96,2,'2013-04-23 09:06:46','2001-11-07 22:22:49'),(22,15,1,'2014-09-06 03:51:55','1984-10-05 14:02:04'),(22,44,2,'1997-12-14 16:06:41','2008-05-16 05:44:13'),(22,89,1,'2010-07-11 02:36:47','2014-09-23 18:36:57'),(25,9,2,'1979-12-17 06:12:14','2009-05-06 01:23:07'),(25,23,1,'1992-09-28 06:08:05','1977-08-29 08:11:17'),(26,1,2,'2001-04-16 03:34:01','1974-08-23 07:24:58'),(26,61,2,'1991-10-24 14:58:20','2013-02-27 11:45:14'),(29,5,1,'1973-03-25 19:31:25','1989-05-02 08:34:22'),(29,60,2,'1994-07-14 07:43:37','1976-07-12 09:06:51'),(31,88,1,'1978-11-23 15:55:12','1977-04-26 09:35:17'),(33,1,2,'1992-06-02 17:36:41','1996-10-10 01:55:47'),(34,54,2,'1987-05-26 20:55:09','2012-09-19 02:07:37'),(34,96,2,'1989-02-12 21:46:20','1970-10-27 22:12:09'),(35,31,1,'1972-07-22 00:27:59','1979-08-05 11:11:19'),(35,87,1,'1984-02-16 18:17:22','1978-12-02 15:52:25'),(35,96,2,'1987-02-08 10:01:42','1970-06-23 22:39:08'),(36,18,2,'1988-04-26 00:41:21','1979-09-14 04:40:08'),(37,16,2,'1975-06-22 15:31:42','2011-11-21 14:19:05'),(37,40,2,'1980-01-06 04:04:58','2004-05-05 04:57:44'),(39,24,2,'2009-06-30 19:50:56','2011-01-15 18:43:13'),(40,1,1,'1980-08-15 14:02:23','1984-03-07 03:29:47'),(40,74,1,'2007-08-29 08:52:33','2006-11-24 12:11:15'),(41,38,2,'1989-12-19 20:04:30','2008-12-29 18:14:34'),(41,69,2,'2008-04-25 08:54:00','1979-10-15 00:34:47'),(42,24,1,'1978-10-01 06:01:15','1987-09-04 19:59:14'),(43,17,1,'2019-12-24 20:19:22','2019-09-27 08:29:58'),(46,15,2,'2009-12-24 20:45:36','2011-07-11 15:36:59'),(46,76,2,'2013-09-10 19:44:00','1982-07-13 06:17:24'),(46,81,2,'2005-04-15 22:06:34','1986-11-17 18:52:37'),(47,22,2,'1979-10-20 13:44:39','2013-05-30 22:37:41'),(47,71,1,'2001-06-26 00:31:51','1986-11-24 01:07:29'),(47,73,2,'2002-07-23 02:14:48','1988-09-09 21:31:37'),(49,53,1,'1983-02-06 11:30:06','1971-05-11 13:17:32'),(50,27,1,'1993-10-18 03:58:12','2007-01-08 07:16:17'),(50,81,1,'1984-02-28 17:12:44','1996-07-08 03:10:00'),(50,98,1,'1998-05-12 18:41:37','1988-08-31 15:41:06'),(51,58,1,'1973-05-10 00:28:13','1975-05-25 13:10:55'),(52,83,1,'1975-11-11 13:35:08','1993-03-20 11:56:23'),(52,88,1,'2001-06-04 10:50:23','1976-09-21 14:23:39'),(53,33,2,'1979-05-11 16:05:57','1988-10-08 06:42:26'),(54,29,1,'1979-06-03 18:31:37','1977-04-20 19:59:29'),(54,87,2,'1995-01-27 19:00:06','1973-04-09 21:29:21'),(55,83,2,'1998-06-11 00:31:40','1996-12-05 06:01:43'),(56,32,1,'1997-12-09 18:21:20','1993-03-16 07:53:10'),(56,98,1,'2015-09-06 04:20:27','1976-01-23 02:24:53'),(58,39,1,'1992-02-18 04:27:57','1971-11-30 23:47:24'),(59,85,2,'1992-02-25 03:53:00','2000-09-11 10:58:29'),(63,87,1,'2012-01-16 00:45:07','2007-03-17 18:23:30'),(65,60,1,'2006-11-20 03:16:15','2004-08-31 15:48:20'),(67,89,1,'1997-06-12 20:53:13','1981-03-16 05:15:31'),(68,97,1,'2006-02-23 04:53:34','1996-12-03 19:56:28'),(69,28,2,'2019-11-01 16:51:31','1999-11-30 11:31:25'),(70,89,2,'1981-02-01 01:29:18','2013-01-31 10:44:35'),(70,90,2,'2019-09-26 08:03:39','1973-08-15 15:54:13'),(71,25,1,'1973-11-19 18:46:06','1975-05-06 04:54:10'),(71,93,2,'1987-09-10 18:01:47','1977-08-08 23:15:30'),(73,84,1,'2016-01-20 22:23:02','1970-06-23 13:28:35'),(75,85,1,'1972-07-27 18:28:36','1981-11-23 15:30:01'),(76,93,1,'2015-05-10 23:18:25','2011-12-27 11:15:15'),(79,3,2,'1999-07-15 17:41:05','2005-01-31 09:30:27'),(79,83,1,'1982-04-12 07:55:15','2014-08-31 04:28:05'),(80,14,2,'2008-03-21 22:27:30','1989-05-03 21:29:52'),(80,26,1,'2016-12-02 00:13:33','2013-07-08 20:41:45'),(80,50,1,'2014-03-11 12:42:14','2018-06-18 06:05:10'),(81,38,2,'1978-01-29 10:56:08','2007-07-04 05:12:46'),(83,32,1,'1979-06-07 04:59:57','1987-12-12 10:35:43'),(83,61,2,'1993-05-13 09:28:11','1984-01-01 02:57:58'),(84,55,1,'1999-02-06 07:35:24','2005-11-08 16:03:27'),(86,11,1,'2012-11-20 05:37:33','2001-07-09 18:43:46'),(86,26,1,'2017-04-19 16:55:48','1983-01-28 04:13:20'),(86,49,2,'2019-08-04 17:27:09','2019-02-20 01:05:56'),(88,20,2,'1984-09-07 08:03:51','2005-07-10 11:12:57'),(88,64,2,'1994-06-16 09:06:39','1985-01-18 08:16:32'),(89,87,1,'1993-12-07 19:17:41','1996-12-26 15:04:26'),(93,66,1,'1987-10-18 05:21:29','1985-07-16 15:06:59'),(93,93,1,'1986-04-15 12:01:21','2004-04-09 11:56:08'),(94,9,2,'1983-02-08 06:42:04','2000-01-25 16:46:37'),(96,46,1,'1991-03-21 13:05:10','1999-03-13 22:33:19'),(98,89,2,'1987-04-22 22:39:37','1972-08-20 04:43:53'),(100,5,1,'2015-03-19 12:29:13','2002-07-23 14:36:26'),(100,49,2,'1985-05-20 16:28:39','2004-12-04 12:17:32');


-- friendship_statuses

DROP TABLE IF EXISTS `friendship_statuses`;
CREATE TABLE `friendship_statuses` (
  `id` int(10) unsigned NOT NULL AUTO_INCREMENT,
  `name` varchar(150) CHARACTER SET utf8 COLLATE utf8_unicode_ci NOT NULL,
  PRIMARY KEY (`id`),
  UNIQUE KEY `name` (`name`)
) ENGINE=InnoDB AUTO_INCREMENT=3 DEFAULT CHARSET=utf8 COLLATE=utf8_unicode_ci;

INSERT INTO `friendship_statuses` VALUES 
	(2, 'Confirmed'),
	(1, 'Requested'),
	(3, 'Interrupted');


-- media

DROP TABLE IF EXISTS `media`;
CREATE TABLE `media` (
  `id` int(10) unsigned NOT NULL AUTO_INCREMENT,
  `media_type_id` int(10) unsigned NOT NULL,
  `user_id` int(10) unsigned NOT NULL,
  `filename` varchar(255) CHARACTER SET utf8 COLLATE utf8_unicode_ci NOT NULL,
  `size` int(11) NOT NULL,
  `metadata` json DEFAULT NULL,
  `created_at` datetime DEFAULT CURRENT_TIMESTAMP,
  `updated_up` datetime DEFAULT CURRENT_TIMESTAMP ON UPDATE CURRENT_TIMESTAMP,
  PRIMARY KEY (`id`)
) ENGINE=InnoDB AUTO_INCREMENT=101 DEFAULT CHARSET=utf8 COLLATE=utf8_unicode_ci;

INSERT INTO `media` VALUES (1,1,30,'https://dropbox/vk/file_63805',63805,'{\"63805\": \"Clarissa Nader\"}','2014-03-07 20:44:30','2020-01-01 16:10:38'),(2,2,38,'https://dropbox/vk/file_5',5,'{\"5\": \"Ezra Hessel\"}','2002-05-26 16:50:26','2020-01-01 16:10:38'),(3,1,97,'https://dropbox/vk/file_1938365',1938365,'{\"1938365\": \"Jaeden Parker\"}','1995-06-19 10:48:09','2020-01-01 16:10:38'),(4,3,69,'https://dropbox/vk/file_2695610',2695610,'{\"2695610\": \"Vernie Monahan\"}','1996-05-21 21:02:34','2020-01-01 16:10:38'),(5,1,57,'https://dropbox/vk/file_272219950',272219950,'{\"272219950\": \"Fatima Bosco\"}','2003-12-14 21:25:46','2020-01-01 16:10:38'),(6,1,76,'https://dropbox/vk/file_52251385',52251385,'{\"52251385\": \"Dariana Bartoletti\"}','1997-01-28 13:23:28','2020-01-01 16:10:38'),(7,2,8,'https://dropbox/vk/file_378607615',378607615,'{\"378607615\": \"Jerod Satterfield\"}','1991-12-31 03:54:26','2020-01-01 16:10:38'),(8,2,13,'https://dropbox/vk/file_7623749',7623749,'{\"7623749\": \"Nicola Gulgowski\"}','1976-05-20 18:20:48','2020-01-01 16:10:38'),(9,1,41,'https://dropbox/vk/file_80959385',80959385,'{\"80959385\": \"Verlie Shanahan\"}','2009-09-21 21:10:16','2020-01-01 16:10:38'),(10,1,63,'https://dropbox/vk/file_394699020',394699020,'{\"394699020\": \"Eliezer Mayert\"}','1975-01-16 13:11:13','2020-01-01 16:10:38'),(11,1,91,'https://dropbox/vk/file_50072',50072,'{\"50072\": \"Golda Heidenreich\"}','2013-12-18 02:04:04','2020-01-01 16:10:38'),(12,1,65,'https://dropbox/vk/file_5',5,'{\"5\": \"Jada Marvin\"}','1989-12-05 01:46:05','2020-01-01 16:10:38'),(13,1,51,'https://dropbox/vk/file_658',658,'{\"658\": \"Esmeralda Trantow\"}','2000-07-02 07:41:37','2020-01-01 16:10:38'),(14,1,61,'https://dropbox/vk/file_870958',870958,'{\"870958\": \"Sabrina Simonis\"}','1995-10-23 20:43:20','2020-01-01 16:10:38'),(15,2,53,'https://dropbox/vk/file_724',724,'{\"724\": \"Dale Franecki\"}','2005-01-29 09:02:35','2020-01-01 16:10:38'),(16,3,79,'https://dropbox/vk/file_10',10,'{\"10\": \"Jovani Wilkinson\"}','1974-11-11 21:42:26','2020-01-01 16:10:38'),(17,2,38,'https://dropbox/vk/file_0',0,'{\"0\": \"Ezra Hessel\"}','1981-08-26 05:54:30','2020-01-01 16:10:38'),(18,3,50,'https://dropbox/vk/file_66437482',66437482,'{\"66437482\": \"Hector Steuber\"}','1996-06-02 17:30:41','2020-01-01 16:10:38'),(19,1,36,'https://dropbox/vk/file_962855584',962855584,'{\"962855584\": \"Sister Schuster\"}','1977-05-02 07:43:22','2020-01-01 16:10:38'),(20,3,28,'https://dropbox/vk/file_15844',15844,'{\"15844\": \"Grayce Renner\"}','2009-03-18 14:54:46','2020-01-01 16:10:38'),(21,1,34,'https://dropbox/vk/file_0',0,'{\"0\": \"Maxie Ortiz\"}','2012-07-04 02:36:41','2020-01-01 16:10:38'),(22,2,83,'https://dropbox/vk/file_512',512,'{\"512\": \"Jayden Kiehn\"}','1983-04-17 03:53:02','2020-01-01 16:10:38'),(23,1,13,'https://dropbox/vk/file_169970',169970,'{\"169970\": \"Nicola Gulgowski\"}','2003-12-18 05:40:30','2020-01-01 16:10:38'),(24,1,14,'https://dropbox/vk/file_1072',1072,'{\"1072\": \"Annabelle Brekke\"}','2000-06-02 01:21:05','2020-01-01 16:10:38'),(25,1,31,'https://dropbox/vk/file_0',0,'{\"0\": \"Tyson Christiansen\"}','2005-09-26 06:14:22','2020-01-01 16:10:38'),(26,1,14,'https://dropbox/vk/file_262929852',262929852,'{\"262929852\": \"Annabelle Brekke\"}','2008-03-19 02:11:40','2020-01-01 16:10:38'),(27,2,74,'https://dropbox/vk/file_78',78,'{\"78\": \"Jaquelin Luettgen\"}','2018-10-25 19:49:04','2020-01-01 16:10:38'),(28,2,28,'https://dropbox/vk/file_0',0,'{\"0\": \"Grayce Renner\"}','2002-01-09 18:26:04','2020-01-01 16:10:38'),(29,1,20,'https://dropbox/vk/file_69909',69909,'{\"69909\": \"Leonard Lubowitz\"}','2002-11-22 23:04:20','2020-01-01 16:10:38'),(30,2,12,'https://dropbox/vk/file_0',0,'{\"0\": \"Makenzie Schmeler\"}','1984-03-07 10:50:16','2020-01-01 16:10:38'),(31,1,2,'https://dropbox/vk/file_86',86,'{\"86\": \"Hollis Kerluke\"}','2012-04-16 15:46:58','2020-01-01 16:10:38'),(32,2,71,'https://dropbox/vk/file_5084',5084,'{\"5084\": \"Melvin Anderson\"}','2018-12-26 06:01:20','2020-01-01 16:10:38'),(33,2,50,'https://dropbox/vk/file_4',4,'{\"4\": \"Hector Steuber\"}','1984-09-15 13:49:53','2020-01-01 16:10:38'),(34,2,35,'https://dropbox/vk/file_1271432',1271432,'{\"1271432\": \"Annamae Hermiston\"}','1978-07-04 08:57:45','2020-01-01 16:10:38'),(35,1,24,'https://dropbox/vk/file_4408852',4408852,'{\"4408852\": \"Trystan Gerlach\"}','2011-02-15 08:21:55','2020-01-01 16:10:38'),(36,2,14,'https://dropbox/vk/file_5659',5659,'{\"5659\": \"Annabelle Brekke\"}','2011-08-31 03:07:53','2020-01-01 16:10:38'),(37,3,99,'https://dropbox/vk/file_1387332',1387332,'{\"1387332\": \"Kelli Wisoky\"}','1979-08-05 00:01:49','2020-01-01 16:10:38'),(38,1,52,'https://dropbox/vk/file_58',58,'{\"58\": \"Lori Jenkins\"}','2002-11-22 15:17:05','2020-01-01 16:10:38'),(39,3,64,'https://dropbox/vk/file_820783',820783,'{\"820783\": \"Barrett Rippin\"}','1974-02-21 21:06:10','2020-01-01 16:10:38'),(40,3,62,'https://dropbox/vk/file_0',0,'{\"0\": \"Charlie Hermiston\"}','1985-01-19 17:30:40','2020-01-01 16:10:38'),(41,3,19,'https://dropbox/vk/file_4592',4592,'{\"4592\": \"Pasquale McLaughlin\"}','1999-03-04 12:43:27','2020-01-01 16:10:38'),(42,3,8,'https://dropbox/vk/file_622088',622088,'{\"622088\": \"Jerod Satterfield\"}','1972-09-14 18:02:30','2020-01-01 16:10:38'),(43,3,84,'https://dropbox/vk/file_907568',907568,'{\"907568\": \"Jerald Mills\"}','1984-04-19 08:19:43','2020-01-01 16:10:38'),(44,3,95,'https://dropbox/vk/file_185877',185877,'{\"185877\": \"Golda Tromp\"}','1979-12-11 23:12:54','2020-01-01 16:10:38'),(45,1,22,'https://dropbox/vk/file_893692450',893692450,'{\"893692450\": \"Jarvis Effertz\"}','2000-11-19 08:55:20','2020-01-01 16:10:38'),(46,3,25,'https://dropbox/vk/file_82972097',82972097,'{\"82972097\": \"Noemi Weimann\"}','1984-02-16 14:55:21','2020-01-01 16:10:38'),(47,3,59,'https://dropbox/vk/file_12933',12933,'{\"12933\": \"Simeon Kirlin\"}','1978-09-15 05:21:45','2020-01-01 16:10:38'),(48,1,18,'https://dropbox/vk/file_58',58,'{\"58\": \"Tabitha Keeling\"}','2013-01-18 23:17:24','2020-01-01 16:10:38'),(49,2,14,'https://dropbox/vk/file_719849',719849,'{\"719849\": \"Annabelle Brekke\"}','1999-02-17 17:58:06','2020-01-01 16:10:38'),(50,2,14,'https://dropbox/vk/file_523442714',523442714,'{\"523442714\": \"Annabelle Brekke\"}','1975-07-06 17:57:46','2020-01-01 16:10:38'),(51,2,27,'https://dropbox/vk/file_3544672',3544672,'{\"3544672\": \"Evans Kozey\"}','1973-11-17 10:55:39','2020-01-01 16:10:38'),(52,2,95,'https://dropbox/vk/file_6',6,'{\"6\": \"Golda Tromp\"}','1978-04-11 12:23:20','2020-01-01 16:10:38'),(53,1,93,'https://dropbox/vk/file_4565',4565,'{\"4565\": \"Davion Cremin\"}','1973-03-10 14:32:45','2020-01-01 16:10:38'),(54,1,80,'https://dropbox/vk/file_548',548,'{\"548\": \"Eulalia Brakus\"}','1990-07-09 00:40:22','2020-01-01 16:10:38'),(55,2,20,'https://dropbox/vk/file_2',2,'{\"2\": \"Leonard Lubowitz\"}','1976-09-16 20:40:37','2020-01-01 16:10:38'),(56,1,60,'https://dropbox/vk/file_344',344,'{\"344\": \"Jerrold Kunze\"}','2004-08-02 05:56:53','2020-01-01 16:10:38'),(57,1,37,'https://dropbox/vk/file_2276717',2276717,'{\"2276717\": \"Emmanuelle Friesen\"}','2012-05-19 19:19:54','2020-01-01 16:10:38'),(58,3,7,'https://dropbox/vk/file_9324',9324,'{\"9324\": \"Walker Ullrich\"}','2003-10-14 12:21:52','2020-01-01 16:10:38'),(59,1,21,'https://dropbox/vk/file_0',0,'{\"0\": \"Eleonore Denesik\"}','2010-08-12 16:48:47','2020-01-01 16:10:38'),(60,2,85,'https://dropbox/vk/file_93',93,'{\"93\": \"Telly Kuvalis\"}','1979-02-01 00:05:01','2020-01-01 16:10:38'),(61,3,60,'https://dropbox/vk/file_62787',62787,'{\"62787\": \"Jerrold Kunze\"}','1988-02-19 20:27:06','2020-01-01 16:10:38'),(62,2,44,'https://dropbox/vk/file_0',0,'{\"0\": \"Neva West\"}','2001-08-14 16:04:05','2020-01-01 16:10:38'),(63,2,39,'https://dropbox/vk/file_4192',4192,'{\"4192\": \"Cornelius Trantow\"}','2011-09-16 12:50:38','2020-01-01 16:10:38'),(64,1,65,'https://dropbox/vk/file_75167850',75167850,'{\"75167850\": \"Jada Marvin\"}','1992-07-05 02:43:43','2020-01-01 16:10:38'),(65,2,5,'https://dropbox/vk/file_7',7,'{\"7\": \"Andreanne Reynolds\"}','2010-11-15 09:21:22','2020-01-01 16:10:38'),(66,2,32,'https://dropbox/vk/file_5559381',5559381,'{\"5559381\": \"Theresa Kilback\"}','2008-06-03 13:39:11','2020-01-01 16:10:38'),(67,1,43,'https://dropbox/vk/file_102',102,'{\"102\": \"Jeramie Sporer\"}','2014-06-11 19:25:44','2020-01-01 16:10:38'),(68,1,20,'https://dropbox/vk/file_5656307',5656307,'{\"5656307\": \"Leonard Lubowitz\"}','1974-11-08 18:53:08','2020-01-01 16:10:38'),(69,3,69,'https://dropbox/vk/file_2',2,'{\"2\": \"Vernie Monahan\"}','2011-03-29 04:40:29','2020-01-01 16:10:38'),(70,1,86,'https://dropbox/vk/file_456460',456460,'{\"456460\": \"Breanna McDermott\"}','1996-07-23 13:37:27','2020-01-01 16:10:38'),(71,3,20,'https://dropbox/vk/file_58525298',58525298,'{\"58525298\": \"Leonard Lubowitz\"}','2019-04-24 05:21:55','2020-01-01 16:10:38'),(72,3,41,'https://dropbox/vk/file_0',0,'{\"0\": \"Verlie Shanahan\"}','1970-03-17 00:36:08','2020-01-01 16:10:38'),(73,3,47,'https://dropbox/vk/file_65170',65170,'{\"65170\": \"Kennith Kirlin\"}','2011-08-12 23:00:44','2020-01-01 16:10:38'),(74,2,12,'https://dropbox/vk/file_119',119,'{\"119\": \"Makenzie Schmeler\"}','1987-07-01 04:36:20','2020-01-01 16:10:38'),(75,1,20,'https://dropbox/vk/file_5237',5237,'{\"5237\": \"Leonard Lubowitz\"}','1990-03-13 04:14:33','2020-01-01 16:10:38'),(76,3,60,'https://dropbox/vk/file_19656',19656,'{\"19656\": \"Jerrold Kunze\"}','2010-04-20 20:23:19','2020-01-01 16:10:38'),(77,3,42,'https://dropbox/vk/file_1',1,'{\"1\": \"Eloisa Bailey\"}','1978-02-14 09:14:37','2020-01-01 16:10:38'),(78,1,30,'https://dropbox/vk/file_88',88,'{\"88\": \"Clarissa Nader\"}','2012-09-28 20:26:58','2020-01-01 16:10:38'),(79,2,22,'https://dropbox/vk/file_3761',3761,'{\"3761\": \"Jarvis Effertz\"}','2007-12-26 21:41:25','2020-01-01 16:10:38'),(80,2,22,'https://dropbox/vk/file_154714',154714,'{\"154714\": \"Jarvis Effertz\"}','1973-04-15 18:18:45','2020-01-01 16:10:38'),(81,1,40,'https://dropbox/vk/file_535',535,'{\"535\": \"Walter Ledner\"}','1992-09-14 17:08:17','2020-01-01 16:10:38'),(82,2,36,'https://dropbox/vk/file_1636',1636,'{\"1636\": \"Sister Schuster\"}','2010-03-10 18:46:30','2020-01-01 16:10:38'),(83,1,58,'https://dropbox/vk/file_4017',4017,'{\"4017\": \"Micheal Hessel\"}','2001-01-13 05:59:25','2020-01-01 16:10:38'),(84,3,81,'https://dropbox/vk/file_731859351',731859351,'{\"731859351\": \"Deron Stark\"}','1978-02-11 20:54:56','2020-01-01 16:10:38'),(85,3,32,'https://dropbox/vk/file_59',59,'{\"59\": \"Theresa Kilback\"}','2003-02-02 07:06:03','2020-01-01 16:10:38'),(86,3,14,'https://dropbox/vk/file_83',83,'{\"83\": \"Annabelle Brekke\"}','2000-10-22 16:20:37','2020-01-01 16:10:38'),(87,3,75,'https://dropbox/vk/file_14881',14881,'{\"14881\": \"Emmet Fadel\"}','1984-05-04 07:41:25','2020-01-01 16:10:38'),(88,3,31,'https://dropbox/vk/file_7766',7766,'{\"7766\": \"Tyson Christiansen\"}','2007-06-04 12:51:56','2020-01-01 16:10:38'),(89,1,31,'https://dropbox/vk/file_2889',2889,'{\"2889\": \"Tyson Christiansen\"}','1970-11-14 00:02:08','2020-01-01 16:10:38'),(90,2,61,'https://dropbox/vk/file_805890',805890,'{\"805890\": \"Sabrina Simonis\"}','1972-12-25 05:09:24','2020-01-01 16:10:38'),(91,2,11,'https://dropbox/vk/file_0',0,'{\"0\": \"Sydnee Jaskolski\"}','2002-01-06 05:38:51','2020-01-01 16:10:38'),(92,3,72,'https://dropbox/vk/file_6736195',6736195,'{\"6736195\": \"Marcus Shanahan\"}','1999-05-18 18:33:16','2020-01-01 16:10:38'),(93,3,26,'https://dropbox/vk/file_343928596',343928596,'{\"343928596\": \"Letha Swaniawski\"}','2001-03-03 06:43:55','2020-01-01 16:10:38'),(94,3,13,'https://dropbox/vk/file_4',4,'{\"4\": \"Nicola Gulgowski\"}','2006-08-02 02:32:43','2020-01-01 16:10:38'),(95,1,87,'https://dropbox/vk/file_419453598',419453598,'{\"419453598\": \"Abigayle Skiles\"}','1971-09-15 06:07:49','2020-01-01 16:10:38'),(96,2,94,'https://dropbox/vk/file_30210939',30210939,'{\"30210939\": \"Fay Mosciski\"}','1992-09-28 02:58:07','2020-01-01 16:10:38'),(97,3,11,'https://dropbox/vk/file_59743686',59743686,'{\"59743686\": \"Sydnee Jaskolski\"}','1995-09-10 17:27:39','2020-01-01 16:10:38'),(98,3,71,'https://dropbox/vk/file_445277074',445277074,'{\"445277074\": \"Melvin Anderson\"}','1970-06-22 12:05:48','2020-01-01 16:10:38'),(99,3,23,'https://dropbox/vk/file_86',86,'{\"86\": \"Rogelio Harber\"}','1987-04-08 07:49:48','2020-01-01 16:10:38'),(100,3,99,'https://dropbox/vk/file_9550905',9550905,'{\"9550905\": \"Kelli Wisoky\"}','2019-05-31 10:40:56','2020-01-01 16:10:38');


-- media_types

DROP TABLE IF EXISTS `media_types`;
CREATE TABLE `media_types` (
  `id` int(10) unsigned NOT NULL AUTO_INCREMENT,
  `name` varchar(255) CHARACTER SET utf8 COLLATE utf8_unicode_ci NOT NULL,
  PRIMARY KEY (`id`),
  UNIQUE KEY `name` (`name`)
) ENGINE=InnoDB AUTO_INCREMENT=4 DEFAULT CHARSET=utf8 COLLATE=utf8_unicode_ci;

INSERT INTO `media_types` VALUES (3,'audio'),(1,'photo'),(2,'video');


-- messages

DROP TABLE IF EXISTS `messages`;
CREATE TABLE `messages` (
  `id` int(10) unsigned NOT NULL AUTO_INCREMENT,
  `from_user_id` int(10) unsigned NOT NULL,
  `to_user_id` int(10) unsigned NOT NULL,
  `body` text CHARACTER SET utf8 COLLATE utf8_unicode_ci NOT NULL,
  `is_important` tinyint(1) DEFAULT NULL,
  `is_delivered` tinyint(1) DEFAULT NULL,
  `created_at` datetime DEFAULT CURRENT_TIMESTAMP,
  PRIMARY KEY (`id`)
) ENGINE=InnoDB AUTO_INCREMENT=101 DEFAULT CHARSET=utf8 COLLATE=utf8_unicode_ci;

INSERT INTO `messages` VALUES (1,75,20,'Deleniti sint adipisci repellendus. Non deserunt est est ad adipisci.',0,1,'1984-08-23 11:58:48'),(2,73,5,'Ut qui nulla pariatur corporis saepe inventore. Aut quia earum ducimus quia. Numquam qui illo dolor sapiente minus cum. Sint quia omnis voluptatem facilis voluptate tempore optio.',1,1,'2014-04-09 14:14:24'),(3,4,4,'Aut est soluta nulla beatae voluptatem. Quia velit consectetur vel laboriosam. Rem quo cumque placeat non veritatis et sit. Quam voluptatem quos quia incidunt occaecati repellat.',1,1,'2010-04-13 00:29:24'),(4,8,29,'Nostrum delectus praesentium recusandae eum. Magni magnam ipsa et. Quod eos dolor distinctio voluptas aut.',1,0,'2017-09-04 15:22:02'),(5,18,5,'Maiores voluptas fugit sit sunt vel natus. Alias et aut soluta nesciunt nemo sit. Corrupti libero id officia. Nihil voluptatem sequi earum qui. Quasi cupiditate nulla sed fuga non dolores fuga.',1,1,'1995-10-13 17:10:16'),(6,68,24,'Perspiciatis et recusandae cum voluptas eos. Aliquid quibusdam vel ab nulla corporis. Tempora dignissimos aliquam natus velit.',0,1,'1986-12-01 08:48:38'),(7,18,17,'Deleniti non non quos qui aut ut. Dolorem rerum culpa eius. Velit nostrum quos iusto qui nobis distinctio dolores. Rem quos voluptatem enim voluptatem sunt repudiandae.',1,0,'1983-11-20 22:11:26'),(8,29,93,'Molestiae et voluptatem ex expedita et. Exercitationem eaque quisquam iure nam quia ipsam excepturi magnam. Aut aut quo minus illo. Eaque ut sit enim.',1,1,'1982-10-29 17:27:24'),(9,80,19,'Iusto harum sequi fuga. Autem provident qui harum eveniet quasi. Aut dolore aut rerum ipsa quo quod.',1,0,'2005-04-03 21:15:28'),(10,55,19,'Consequatur nam est id magnam consequatur quia fugiat. Dicta et quam et doloribus. Deleniti quas eum exercitationem maiores sed.',1,0,'2009-09-23 18:20:07'),(11,29,88,'Et est ipsa dicta dignissimos qui ducimus veritatis qui. Aut iure asperiores ut eaque. Laboriosam non molestias mollitia dolor aspernatur voluptatem sapiente quaerat.',0,1,'1981-08-06 05:02:20'),(12,52,95,'Tenetur eos repudiandae eum nihil reiciendis sed voluptas animi. Ipsum veniam et quis omnis in occaecati. Quia in autem beatae rerum. Sit rerum labore nam.',1,0,'1982-12-06 18:23:45'),(13,18,7,'Ex est quia voluptates eum. Rerum ut voluptatem explicabo est consequatur ad ex. Aliquid sunt esse dolorum ut nobis. Expedita sint vitae totam officia nam voluptatem.',1,0,'2008-01-27 08:01:45'),(14,78,68,'Iure porro dolor rem sunt ut amet. Ut aut quam temporibus corrupti. Autem commodi quam ut perspiciatis molestiae placeat.',0,0,'1987-01-30 23:17:55'),(15,6,26,'Enim fugiat non et porro. Consequatur ut quibusdam ratione ut. Voluptatem autem sed magnam beatae doloribus sit maxime. Ut reprehenderit qui voluptatum nostrum dolor.',1,0,'1972-01-14 11:57:12'),(16,10,73,'Optio quis ut qui voluptas. Fugiat rem sapiente dignissimos. Veniam consequuntur expedita magnam magni.',0,0,'2001-05-30 22:58:00'),(17,33,47,'Magni beatae placeat vero. Nulla sit assumenda adipisci ut minus qui consequatur. Saepe est et qui illum. Recusandae non rerum sed ipsam inventore dolorem.',1,0,'1976-12-17 13:21:33'),(18,35,35,'Quia eaque dicta molestiae necessitatibus ipsam sit. Consectetur id aut natus sit deleniti. Ipsa aut in nam temporibus. Iusto voluptatem et id nemo necessitatibus nemo eius voluptatem.',0,1,'1986-10-06 17:26:56'),(19,70,44,'Sapiente saepe id eius ea. Labore doloremque nihil et aut. Eos quis dolorem ullam. Quos quae eligendi et aut aliquam.\nRecusandae labore eum neque possimus eos. Voluptatum et molestiae ad.',1,1,'1991-09-22 20:07:26'),(20,9,14,'Est voluptas ratione nisi dolor officiis. Ratione molestias harum minima et minima. Et molestiae consequuntur voluptates rem dignissimos nihil.',0,1,'2010-05-07 12:46:37'),(21,43,71,'Consectetur pariatur voluptatibus est odio. Et nulla saepe eveniet qui. Id architecto corrupti ad sit nulla voluptates. Qui velit consequatur vel. A ut cum porro velit doloremque enim.',0,0,'1985-07-30 14:09:21'),(22,25,10,'Modi omnis explicabo dicta ut. Rerum tenetur cum labore ex eos magnam.',0,0,'1995-04-20 00:33:56'),(23,76,49,'Cum et eum et ex error voluptatem et. Iste animi enim ipsum cum quod quaerat suscipit.',1,0,'1983-06-16 04:04:24'),(24,18,41,'Magnam a doloremque tenetur tenetur harum sit enim. Dolor nulla labore rerum in. Cumque quo voluptas pariatur aut. In dolor cupiditate assumenda laudantium nam architecto.',0,0,'2010-08-30 00:42:41'),(25,49,23,'Quas maiores ut odio non quisquam ipsa. Aliquam quis iure voluptatem.',1,1,'1981-04-18 04:32:47'),(26,67,64,'Quos necessitatibus aut est voluptatem. Delectus quo non ut iure dolorem. Rerum ut repellendus non.',1,1,'2015-05-21 07:16:02'),(27,20,8,'Sit quos vel quia occaecati sed. Ut neque totam occaecati aut aut dolores. Debitis est quia qui tempore distinctio tempora.',0,1,'2008-07-07 16:32:39'),(28,80,75,'Ad consequuntur ratione consectetur dolorem. Aut facilis voluptatem delectus minus autem. Sapiente esse et saepe quas deleniti placeat. Laboriosam quidem et ipsum facere.',1,0,'1975-05-06 20:46:19'),(29,36,52,'Id suscipit est earum qui. Recusandae esse nisi ut doloremque. Autem omnis dolorum eos veniam corrupti et. Unde velit et sit rerum nulla distinctio.',1,0,'2003-12-07 00:33:36'),(30,54,14,'Voluptatem magnam perspiciatis provident vero culpa sint assumenda. Sequi rerum voluptatum magnam officia aut. Ipsa ducimus tempore voluptatem repellat ipsa nihil ipsam. Laborum nulla qui fugiat.',1,0,'1981-10-07 07:12:00'),(31,8,94,'Sapiente rerum repellat error provident nemo. Aut qui rem vel dignissimos ab sed. Qui quos similique commodi quidem est qui.',1,0,'1980-03-13 06:37:12'),(32,49,62,'Quia vel harum quas provident debitis occaecati iste. Eius ut sint amet sit. Consequuntur explicabo eaque harum molestias. Qui quia possimus eos.\nEa ut expedita ex aliquam iure. Ut quos aut sit aut.',0,1,'1994-06-03 05:45:35'),(33,60,17,'Sequi tenetur sit animi aliquam quia. Nulla porro quam velit quibusdam accusantium aut. Sint sint odio qui sint.',0,0,'2007-11-26 14:32:56'),(34,2,60,'Fugiat sunt et reiciendis. Velit et provident nobis est nemo cumque quia. Excepturi id voluptatem et est. Mollitia voluptatem non sequi.',1,1,'2003-02-06 11:55:49'),(35,93,85,'Cum dolor rerum repellendus animi et vitae eaque. Temporibus est est voluptatibus assumenda quaerat minus dolor.',1,1,'1990-12-13 21:32:15'),(36,43,63,'Autem ut accusamus provident quam quod vel iste aut. Architecto ratione possimus esse enim sit. Voluptas et consequatur quia doloribus deserunt ullam quibusdam.',0,1,'2006-12-12 12:46:24'),(37,83,26,'Itaque dolorem in tempore. Aut esse cumque cupiditate harum et velit. Sequi dolores temporibus dolorem aut.',0,1,'2017-11-25 11:00:07'),(38,81,27,'Consequatur mollitia neque necessitatibus et. Optio aspernatur dicta quidem aut quas ut quasi odit. Atque ut atque eaque rerum ab esse enim.',1,0,'1970-12-12 08:25:46'),(39,92,78,'Voluptatem rerum iure dolor qui ut ullam qui. Nihil nihil facilis ut doloremque quasi. Saepe vero dolores corporis est.',0,1,'1996-02-09 02:16:15'),(40,15,38,'Ullam est consequatur optio est laudantium dolorum. Quas suscipit est voluptatem animi voluptatum vitae. Dolores ipsam asperiores error voluptas.',0,0,'1980-05-30 11:27:21'),(41,47,19,'Voluptas incidunt quasi doloribus eius qui maiores. Consequatur nisi voluptas delectus quo dolores illum. Pariatur ut minima impedit aliquid eum vel velit. Ut sed similique corporis eos.',1,0,'2017-02-10 21:01:44'),(42,55,15,'Neque illo et cum quis ut et. Id quasi et doloribus aliquid nesciunt aliquid ut sunt. Ducimus laborum quos et minus quis. Laboriosam minus in dicta.',1,0,'1974-12-08 19:03:21'),(43,12,14,'Velit ullam sed optio ipsa culpa sint. Adipisci ab officiis voluptatum.',1,0,'2007-07-31 10:41:36'),(44,35,31,'Perferendis et rerum quia atque facilis. Cumque illum modi hic laudantium animi odit. Perspiciatis et aspernatur reprehenderit dolore. Modi eos minima sapiente aliquam veniam et.',1,1,'1975-09-21 11:38:01'),(45,48,50,'Porro suscipit officia unde consequatur. Odit quae delectus rerum molestiae sit aspernatur odit labore.',0,1,'1988-08-09 02:32:46'),(46,3,64,'Voluptatum odio delectus vel et voluptatem. Voluptas sed aliquam voluptate. Et placeat ducimus ut.',0,0,'1975-01-22 16:56:36'),(47,12,65,'In distinctio quae sed tenetur esse fugit illo. Et expedita accusamus voluptas ab ut voluptatum nobis. Possimus sunt occaecati nihil accusamus dolore sed. Esse ut animi qui.',0,0,'2017-03-01 04:46:53'),(48,91,59,'Ad eaque nihil veniam expedita eaque. Asperiores et non quia harum voluptas.\nUt fugiat aut est. Voluptatem sed consequatur nobis. Quasi aut sequi ducimus explicabo aut nihil veniam.',1,1,'1982-03-19 06:14:08'),(49,20,23,'Quis alias at aspernatur recusandae. Molestiae reiciendis repellat tempore exercitationem aut sed. Voluptate occaecati deserunt rerum ut non aspernatur similique.',1,1,'2005-02-20 15:07:48'),(50,53,96,'Ut atque enim quis sint labore illum. Eaque quis dolor recusandae voluptatum voluptatibus autem rem.',1,0,'1985-10-27 15:19:57'),(51,20,12,'Nemo soluta et magni voluptate. Eligendi voluptates voluptatem voluptas tempora ad. Consequuntur voluptatem est iusto ratione similique quia. Sit illo voluptas et repellat et et dolorem sit.',1,1,'1973-04-25 22:38:08'),(52,99,60,'Totam ea dolorem quo quia. Nostrum ut asperiores laborum quis maiores. Incidunt eum esse vitae. Qui dolores illo veniam debitis eligendi nam esse.',0,0,'2015-02-15 20:24:38'),(53,2,28,'Quaerat aspernatur quisquam sapiente ullam. Fugiat nobis impedit animi eligendi qui est. Dolores dolores qui quasi nostrum. Autem inventore iure qui a et unde.',1,0,'1976-02-07 10:19:53'),(54,34,86,'Repellat quam et ut nihil ipsum ipsum dolorem suscipit. Quibusdam animi aliquid tempora vel id a rerum. Quaerat ut enim reiciendis quod error.',1,1,'1992-08-26 22:52:19'),(55,26,74,'Consequatur vitae et aut architecto qui. Eos delectus nesciunt non sed ducimus itaque rem ea. Ex dolores occaecati occaecati atque sed laudantium.',1,1,'2015-07-14 07:47:42'),(56,89,25,'Ex quisquam laudantium accusantium rem. Sapiente tempore eum facere dolorem facilis at voluptate. Libero minus nulla enim architecto. Culpa aut repellendus ut ex et facilis corrupti dicta.',0,1,'1990-01-12 23:10:25'),(57,56,4,'Sunt consectetur soluta architecto vitae asperiores non. Et quia eius et ut distinctio. Officia reiciendis animi totam enim. Maxime nisi nihil molestias qui sit facere.',0,1,'1989-07-18 05:26:54'),(58,53,53,'Et quibusdam facere eaque perferendis repudiandae. Dolorem rerum quia est corrupti. Odio velit hic dolor. Quo saepe explicabo est dicta ad.',0,1,'1976-06-20 15:09:23'),(59,6,71,'Quos praesentium fugit totam nisi id accusamus. Ut officia natus sint voluptatibus fugiat aut natus. Ut beatae eius omnis sunt pariatur ratione.',0,0,'1988-06-18 15:28:49'),(60,34,57,'Non mollitia et quibusdam. Laborum non porro repellendus recusandae.',1,0,'1983-10-03 00:15:57'),(61,81,35,'Qui provident fuga voluptas aut officiis reprehenderit est hic. Maxime quia in incidunt aut nesciunt. Delectus at rerum nemo rerum est. Et aspernatur temporibus eligendi veniam itaque vel.',0,0,'1990-06-03 05:17:53'),(62,31,49,'Pariatur pariatur quas nam dicta. Fugiat at cumque quam tempore porro ea. Consectetur atque in distinctio facere iste est temporibus. Architecto vero voluptates veniam eum consequuntur et.',1,1,'2003-10-29 22:39:24'),(63,51,8,'Omnis velit assumenda veniam consequatur aliquid placeat sint. Aspernatur eius molestiae maxime sunt corrupti. Dignissimos dolor ipsam et voluptatem incidunt. Ea quaerat eligendi quo quas quam.',1,1,'1998-04-25 01:59:20'),(64,88,14,'Dignissimos explicabo libero dolorem vitae quasi aut et. Minima reprehenderit sint cumque harum repellat. Quos perferendis cumque et accusantium quidem molestiae.',1,1,'2011-11-16 12:17:18'),(65,7,93,'Quam qui voluptate laborum quia ut molestiae. Porro ut praesentium repudiandae vero aut dignissimos laboriosam. Ut temporibus non fuga cumque nam sed.',1,1,'1992-05-22 05:22:30'),(66,41,28,'Eveniet itaque molestias blanditiis temporibus nihil sunt enim. Voluptatem quod et ducimus eum. Nulla soluta ut facere dolorum. Vero qui neque consequuntur enim ea.',0,0,'2010-03-15 06:04:40'),(67,16,96,'Velit expedita dolor accusantium dolores accusantium aspernatur sint sapiente. Dolorem ut aliquam facilis et. Odit consequatur quos ut accusamus. Eius consequuntur nostrum iusto dolor voluptas.',0,0,'1994-07-17 04:09:21'),(68,32,71,'Tenetur ut fugiat accusamus culpa sunt ducimus incidunt. Quidem ratione et totam fugit et.',1,1,'1984-05-11 09:59:10'),(69,56,70,'Quo rem voluptatem nam. Voluptatibus et eligendi cumque optio perspiciatis omnis ut. Aspernatur ipsa eveniet ad eum rem ut.',0,0,'1988-05-04 00:06:08'),(70,80,88,'Consequatur laboriosam eligendi ut omnis occaecati suscipit. Velit blanditiis provident assumenda rerum. In quo ut quam sit vel.',1,1,'2015-01-26 06:21:38'),(71,2,43,'Occaecati voluptates vel consequatur eos quisquam itaque. Ipsam quas repudiandae quidem illo qui corporis. Quis ea libero quasi possimus voluptatem. Quasi rerum consectetur sunt aliquid.',1,0,'2017-08-09 14:46:40'),(72,8,14,'Magni qui est consequatur et porro. Quia nulla soluta pariatur unde dolores. Placeat perferendis inventore quas sunt ea blanditiis.',1,0,'1978-05-26 05:15:46'),(73,42,68,'Quo aspernatur nobis non et dolores. Ad libero laboriosam voluptate ducimus quia earum ducimus. Explicabo fugit laudantium eveniet accusamus alias.',1,1,'1995-01-31 11:38:10'),(74,14,66,'Mollitia incidunt nulla et repellat quia nostrum dolor. Atque at vitae tenetur iusto. Est earum blanditiis accusantium. Aut fugiat aut unde ratione.',1,0,'2004-04-08 22:32:22'),(75,85,30,'Dolores porro quae adipisci. Magni et quo mollitia maiores qui ut dolorem. Maxime aperiam ipsa voluptas quia fugit repellendus. Cumque sit fugit ea et quasi ipsum.',1,0,'1997-11-27 23:14:53'),(76,92,72,'Consectetur voluptatem minus quas et voluptatem rerum quidem. Aut eius ut et ad. Sed earum eos voluptatum dolorem veritatis ea.',0,0,'2014-09-20 21:45:46'),(77,81,89,'Laboriosam laborum temporibus voluptas cumque quia. Iusto alias ratione et est est id. Qui veniam quia qui consequatur sed soluta sunt. Delectus sit aut velit assumenda laudantium.',1,1,'2009-07-19 14:13:09'),(78,3,47,'Debitis voluptas omnis animi maiores. Dolore repellat amet impedit fugit ex eum natus. Natus et assumenda quis sunt ullam. Consectetur qui ducimus non et quia ratione.',0,1,'1993-10-13 13:57:20'),(79,27,91,'Nulla nam beatae assumenda nostrum voluptas atque in. Voluptatibus minus dolores accusamus repudiandae. Odit blanditiis pariatur ut.',1,1,'1998-05-12 14:00:08'),(80,73,94,'Voluptas inventore cum doloremque esse ipsa excepturi voluptatem. Ipsa et totam labore occaecati voluptatem consequuntur. Id at illum accusantium et.',1,1,'1996-05-10 03:47:07'),(81,50,65,'Illo quo et atque nulla eveniet. Voluptatibus maxime facere eveniet. Perferendis quia eveniet ut.',1,1,'1976-05-02 20:36:30'),(82,77,87,'Et alias aperiam et sequi alias quidem rerum quibusdam. Excepturi et repellendus fuga deserunt. Deserunt et harum et est blanditiis.',0,0,'2016-04-04 22:01:30'),(83,7,71,'Saepe autem quia ut distinctio eius consequuntur at. Enim dicta non nostrum ullam voluptates tempora incidunt in. Sequi dolor quidem aut. Consequatur inventore corrupti a.',0,0,'2000-04-02 12:30:00'),(84,34,56,'Quasi quaerat enim modi quia sed porro dolor. Ratione nam eveniet nisi occaecati quis quam. Id voluptas eligendi odit debitis soluta.',1,1,'1975-09-25 12:23:50'),(85,79,24,'Voluptatem architecto occaecati eius aut quis animi magni quia. Adipisci rerum commodi est sint sit quis quia.',0,0,'2016-03-07 10:43:16'),(86,85,49,'Excepturi adipisci accusamus facilis aut consectetur aliquid. Voluptas nihil modi qui dignissimos. Reiciendis doloremque temporibus suscipit iusto sint qui alias.',0,0,'1999-08-08 16:37:43'),(87,93,18,'Laboriosam culpa sint et aperiam cum. Sit officia cumque quo quis voluptatum ad eligendi reprehenderit. Placeat explicabo eos aliquid ut. Dolorum aut doloremque dolor et est necessitatibus.',1,0,'1970-03-21 15:59:09'),(88,7,84,'Nisi ipsum dolor vitae ex aut aperiam. Asperiores earum vitae voluptas pariatur facere velit saepe. Et molestias voluptatem error illo nulla. Aut tempora qui et quo tempora laborum.',1,0,'1986-03-27 12:56:30'),(89,97,34,'Amet eum quas excepturi qui voluptas modi at. Sit aut est accusantium magnam. Temporibus harum corrupti dignissimos aut. Nisi rerum molestiae error dicta tenetur.',1,0,'2010-10-23 12:24:18'),(90,79,94,'Animi voluptate delectus dolor qui. Adipisci voluptas omnis quasi laboriosam consequatur est est. A recusandae cum sit et porro.',0,0,'2003-01-29 00:56:21'),(91,29,63,'Exercitationem totam veniam sit et. Quia sapiente expedita vel ullam ut. Eaque sit ea aut sit aut nesciunt fugiat.',0,1,'1999-04-23 15:49:30'),(92,29,56,'Vero beatae deleniti explicabo voluptas excepturi. Sint nemo voluptatum nam. Voluptatibus quia ducimus molestiae velit. Quis eos ut nam odio quos neque hic.',1,1,'1998-04-19 13:35:58'),(93,93,95,'Est ea ut iusto et id. In atque similique voluptatem assumenda aliquid adipisci consequuntur. Culpa saepe cum earum cumque voluptatum.',0,0,'1984-05-15 09:43:18'),(94,96,94,'Debitis necessitatibus pariatur doloribus consequatur est quo. Enim excepturi sint fugit possimus ea. Ut velit fugiat consequatur quis ad asperiores sequi sit. Autem quasi ut deserunt molestiae.',0,0,'1991-10-12 10:28:07'),(95,81,23,'Assumenda eligendi ipsam doloribus non adipisci nihil. Impedit veniam sit cum tempora voluptates inventore veniam. Sequi ut magni qui saepe.',0,0,'2017-08-14 18:46:12'),(96,71,84,'Aut eveniet quo esse non adipisci. Necessitatibus eum possimus maxime dolor officiis ut sit. Corrupti a consequatur ex quis dignissimos minima.',0,0,'1981-07-26 02:22:42'),(97,8,85,'Quasi ab voluptatem nulla reiciendis architecto voluptas. Soluta at quas aliquam corrupti nesciunt. Non qui eum voluptas voluptas delectus. Pariatur aut qui sit blanditiis deserunt.',1,1,'1985-03-04 10:58:54'),(98,4,63,'Quis temporibus non fugiat quae. Veniam voluptate perferendis mollitia quis maxime eligendi qui.',1,0,'1997-04-26 19:24:44'),(99,3,23,'Sed sit eveniet delectus aut. Quaerat placeat expedita ut minima voluptas necessitatibus. Sed recusandae repudiandae vero et. Recusandae est dolores a eius omnis.',0,1,'1987-07-05 04:53:13'),(100,8,71,'Quam enim animi velit ut porro facere est. Ea recusandae hic exercitationem esse. Quisquam voluptatum dolorem amet molestiae.',1,1,'2006-08-13 15:11:09');


-- profiles

DROP TABLE IF EXISTS profiles;
CREATE TABLE profiles (
  	user_id int(10) unsigned NOT NULL,
  	sex char(1) CHARACTER SET utf8 COLLATE utf8_unicode_ci NOT NULL,
  	birthday date DEFAULT NULL,
  	hometown varchar(100) CHARACTER SET utf8 COLLATE utf8_unicode_ci DEFAULT NULL,
	photo_id int(10) unsigned NOT NULL,
  	PRIMARY KEY (user_id)
) ENGINE=InnoDB DEFAULT CHARSET=utf8 COLLATE=utf8_unicode_ci;

INSERT INTO `profiles` VALUES (1,'f','2015-03-13','Dietrichchester',38),(2,'m','2002-04-11','Bogantown',67),(3,'f','1990-01-27','Lake Wayne',94),(4,'m','1975-09-27','Murphyfort',70),(5,'f','1989-01-19','South Sallieville',94),(6,'f','2018-12-12','Hodkiewiczborough',13),(7,'f','2010-11-28','East Gerard',63),(8,'m','2015-04-28','Reichertborough',93),(9,'m','1971-08-28','East Andreaneside',43),(10,'m','1985-11-30','Hayleyshire',55),(11,'f','1996-06-24','Prosaccoside',82),(12,'f','2000-09-03','Lake Edward',39),(13,'f','2014-03-01','East Joaquin',20),(14,'f','1972-06-12','Lake Rosalind',48),(15,'m','2017-04-11','North Velvaland',74),(16,'m','2016-01-11','Kathrynemouth',43),(17,'f','1977-05-26','North Brown',29),(18,'f','2005-10-06','Lemkeville',51),(19,'f','1973-02-27','Predovicberg',11),(20,'f','2006-01-28','Wellingtonhaven',22),(21,'m','1997-08-01','East Creolaborough',8),(22,'m','1992-02-16','Judgeshire',70),(23,'m','1973-08-14','South Forrestmouth',76),(24,'f','1984-06-12','North Heathbury',1),(25,'f','1996-12-29','Gianniborough',2),(26,'m','1973-05-01','Connellyfort',57),(27,'m','1997-03-31','East Carmelo',99),(28,'f','1983-04-08','West Enriqueland',21),(29,'m','1973-10-02','Terrybury',99),(30,'f','2018-12-31','West Vitashire',23),(31,'m','1970-11-20','Terrenceside',22),(32,'f','1997-07-28','Maiabury',38),(33,'f','1977-04-22','New Clarabellefurt',36),(34,'m','1993-12-13','Baileyburgh',60),(35,'f','1994-10-17','Delmerfurt',29),(36,'m','2017-04-04','Gulgowskihaven',2),(37,'m','1970-04-04','Okunevabury',33),(38,'m','2012-09-20','South Mertie',88),(39,'f','2010-10-30','Sipesside',26),(40,'f','2003-08-13','Camdenville',21),(41,'m','1986-07-26','North Krista',32),(42,'m','1972-08-26','Thaliaport',70),(43,'f','1997-06-01','Russelville',83),(44,'f','2009-05-21','Lake Danteburgh',71),(45,'f','1995-01-15','Camillemouth',82),(46,'m','1982-06-27','Myrtlechester',75),(47,'f','1990-08-03','South Ernestina',53),(48,'f','1987-10-01','East Joelmouth',37),(49,'m','1978-03-13','New Magalishire',4),(50,'f','2008-11-28','Jeffereyport',93),(51,'m','1989-11-28','Lake Leilachester',65),(52,'m','1997-04-21','Kellenfurt',70),(53,'m','2008-09-04','South Calefurt',69),(54,'f','1998-03-12','Thelmaberg',94),(55,'f','2012-11-25','Saulberg',52),(56,'m','1996-08-22','Kaylieshire',7),(57,'m','2005-10-09','New Camron',48),(58,'f','1983-04-19','South Dustinton',46),(59,'f','1972-02-23','Vandervortside',27),(60,'m','2002-07-24','Kassulkehaven',83),(61,'m','2019-02-08','New Damien',23),(62,'f','1978-05-16','New Camren',35),(63,'f','2006-08-25','Aliviaburgh',25),(64,'m','1970-12-03','Gerlachland',46),(65,'m','1974-05-19','Faheyside',43),(66,'f','1988-06-09','East Velvafurt',92),(67,'m','1983-10-02','East Fredy',48),(68,'f','1981-04-07','East Jena',77),(69,'m','1987-04-04','Timmothyland',69),(70,'f','1992-04-12','Shadmouth',17),(71,'m','1989-02-06','Ziemannview',70),(72,'f','2017-07-20','East Samarastad',17),(73,'f','2010-04-26','North Amy',1),(74,'f','1970-01-26','Port Raleighhaven',26),(75,'f','1991-09-24','Tonystad',5),(76,'m','1977-03-04','West Demario',75),(77,'f','1978-12-10','North Marquesberg',26),(78,'f','2012-12-15','Lennieside',82),(79,'m','1974-08-22','New Flossieville',32),(80,'m','2006-07-09','Port Geo',23),(81,'f','2006-02-02','Kuvalisland',83),(82,'f','2004-08-16','Mariannaburgh',79),(83,'m','1973-04-11','Verliebury',39),(84,'f','1973-03-24','Preciouschester',83),(85,'m','2002-10-08','Rogahnhaven',51),(86,'m','2002-02-28','South Eltaburgh',62),(87,'f','2006-07-04','South Mossieshire',6),(88,'m','2004-05-01','Mackmouth',46),(89,'m','1995-04-19','Lake Aaronborough',38),(90,'m','2010-02-26','Port Arlieburgh',43),(91,'m','2017-11-10','Breitenbergshire',100),(92,'m','2007-06-22','West Nora',35),(93,'m','1993-06-30','South Chaya',77),(94,'m','2006-12-23','West Dale',93),(95,'f','1970-12-26','New Laverne',54),(96,'m','2018-09-18','South Maxwell',52),(97,'f','1994-10-18','Rosalindatown',68),(98,'m','2017-06-20','Judgeshire',57),(99,'f','2004-04-26','Lylafurt',22),(100,'f','1977-11-01','New Furmanmouth',21);


-- users

DROP TABLE IF EXISTS `users`;
CREATE TABLE `users` (
  `id` int(10) unsigned NOT NULL AUTO_INCREMENT,
  `first_name` varchar(100) CHARACTER SET utf8 COLLATE utf8_unicode_ci NOT NULL,
  `last_name` varchar(100) CHARACTER SET utf8 COLLATE utf8_unicode_ci NOT NULL,
  `email` varchar(120) CHARACTER SET utf8 COLLATE utf8_unicode_ci NOT NULL,
  `phone` varchar(120) CHARACTER SET utf8 COLLATE utf8_unicode_ci NOT NULL,
  `created_at` datetime DEFAULT CURRENT_TIMESTAMP,
  `updated_at` datetime DEFAULT CURRENT_TIMESTAMP ON UPDATE CURRENT_TIMESTAMP,
  PRIMARY KEY (`id`)
) ENGINE=InnoDB AUTO_INCREMENT=101 DEFAULT CHARSET=utf8 COLLATE=utf8_unicode_ci;

INSERT INTO `users` VALUES (1,'Keshaun','Reilly','ruecker.federico@example.com','1-038-821-9755','1983-02-11 21:40:33','1993-04-13 22:38:22'),(2,'Hollis','Kerluke','issac.jerde@example.org','221.836.3161','2002-05-11 21:33:56','1984-05-15 05:55:52'),(3,'Jalyn','Purdy','kyla.bechtelar@example.com','1-951-829-4996x89375','2009-05-16 09:47:48','1973-09-07 13:36:06'),(4,'Elda','Christiansen','wyman.eino@example.net','214-502-3863','1990-06-17 06:21:38','2005-07-12 00:23:16'),(5,'Andreanne','Reynolds','vlittle@example.net','1-296-313-9565x37559','2002-01-23 12:10:01','1970-01-20 09:00:05'),(6,'Fay','Kohler','raufderhar@example.org','626.468.9695x363','1992-08-27 12:56:05','1986-07-10 16:09:23'),(7,'Walker','Ullrich','hreilly@example.net','02028946113','1971-06-27 21:04:32','1993-03-14 23:51:54'),(8,'Jerod','Satterfield','dschroeder@example.net','06021913386','1986-03-02 11:44:21','2002-04-18 05:59:45'),(9,'Ora','Romaguera','cgraham@example.net','1-098-367-7713','1978-08-20 12:52:03','1998-04-13 06:14:17'),(10,'Zane','Sporer','adela46@example.org','(722)443-0394x6026','2019-10-29 20:29:00','1981-09-26 23:01:57'),(11,'Sydnee','Jaskolski','jtorp@example.org','467-635-6237x6934','1973-04-30 17:09:21','2016-10-16 15:44:43'),(12,'Makenzie','Schmeler','bergstrom.keith@example.net','(035)131-1945','1979-09-01 11:44:28','2010-04-10 19:10:48'),(13,'Nicola','Gulgowski','pamela42@example.org','954-748-7471x2381','1984-09-23 13:18:52','1993-05-31 03:29:18'),(14,'Annabelle','Brekke','theodora.zulauf@example.com','474-843-8802x7825','1971-03-15 05:53:52','1980-07-05 19:45:29'),(15,'Beatrice','Parker','green50@example.com','(379)090-9402','2014-03-02 10:14:29','1988-04-23 22:08:54'),(16,'Candace','Murray','glenna.swaniawski@example.org','+59(5)4963368176','1989-02-05 16:19:53','1997-12-19 07:30:46'),(17,'Keegan','Mraz','maurice02@example.org','(231)032-7897x5834','1972-11-17 17:26:23','2007-03-04 18:22:39'),(18,'Tabitha','Keeling','graciela.moore@example.org','091.494.8407x72246','2013-11-01 19:18:30','2015-04-18 12:49:35'),(19,'Pasquale','McLaughlin','marcelino75@example.org','1-984-144-8950','2003-07-08 04:46:02','2018-02-07 21:18:37'),(20,'Leonard','Lubowitz','lind.jordane@example.com','(300)547-3074','1997-12-12 21:06:42','1986-11-27 17:23:16'),(21,'Eleonore','Denesik','geo.mclaughlin@example.org','+65(6)1500548506','1974-09-14 17:19:31','2003-12-12 21:22:01'),(22,'Jarvis','Effertz','emmalee.hilpert@example.org','1-582-857-1740x47128','2017-04-22 06:21:12','1997-10-15 11:00:19'),(23,'Rogelio','Harber','qblanda@example.org','1-850-589-3876','1999-02-19 03:55:45','1978-03-20 23:27:14'),(24,'Trystan','Gerlach','jluettgen@example.net','735-975-9846','1984-12-15 12:01:12','2015-08-20 07:00:21'),(25,'Noemi','Weimann','schuppe.kamron@example.com','174-623-5959x903','2015-04-29 16:52:00','2016-08-30 05:48:41'),(26,'Letha','Swaniawski','fritsch.mariah@example.org','547.995.5438','2005-06-01 14:56:07','1970-03-30 17:16:39'),(27,'Evans','Kozey','olen.mcglynn@example.org','1-674-258-6971x3091','1983-01-20 11:12:46','1991-09-24 09:25:44'),(28,'Grayce','Renner','gisselle.nader@example.com','627-367-4686','2014-10-30 11:04:58','2013-04-26 03:13:58'),(29,'Thelma','Mraz','andre.wisozk@example.org','778.630.3788x126','2019-05-16 17:41:27','2018-05-02 13:10:07'),(30,'Clarissa','Nader','ythiel@example.net','(097)179-8250x5587','2010-09-01 13:58:34','1990-11-04 12:58:53'),(31,'Tyson','Christiansen','jamey.klocko@example.com','+87(0)7818214394','1979-08-26 01:11:59','1972-12-24 09:27:21'),(32,'Theresa','Kilback','goldner.javier@example.org','689-270-9941x24116','2006-06-29 09:58:04','2001-05-14 16:50:47'),(33,'Eliseo','Witting','cconsidine@example.com','+24(8)1709958365','1975-08-30 22:01:37','1978-08-31 07:43:33'),(34,'Maxie','Ortiz','ron.willms@example.net','491-992-9351x92959','2019-11-13 00:29:39','2010-01-02 22:22:36'),(35,'Annamae','Hermiston','webster.stehr@example.com','893-388-3123','2000-02-09 14:00:49','1983-06-18 11:39:29'),(36,'Sister','Schuster','bahringer.karlie@example.com','+84(5)1569066200','2003-01-06 02:33:55','1980-01-02 22:25:52'),(37,'Emmanuelle','Friesen','imante@example.com','071-167-5959','1996-12-28 18:12:26','1974-06-25 04:24:43'),(38,'Ezra','Hessel','omer.little@example.com','+57(4)9515881625','1986-05-23 09:38:33','2008-10-10 02:40:43'),(39,'Cornelius','Trantow','egleichner@example.com','1-642-503-2600x0599','1985-06-05 09:27:30','2011-06-15 14:46:04'),(40,'Walter','Ledner','cronin.aniya@example.com','(390)377-6443','1990-10-12 13:21:17','2005-02-16 17:00:01'),(41,'Verlie','Shanahan','abby84@example.net','1-936-053-7897x54526','2007-03-25 17:24:27','2011-12-10 02:38:22'),(42,'Eloisa','Bailey','danyka.hintz@example.com','988-615-0766x97250','2014-09-06 21:14:04','2019-12-06 15:11:16'),(43,'Jeramie','Sporer','ondricka.alek@example.net','991.182.3956x070','2008-02-21 14:51:01','1987-10-25 18:40:51'),(44,'Neva','West','jsipes@example.org','289.187.0504x482','1983-12-06 02:54:32','1973-02-25 03:16:07'),(45,'Lacy','Quigley','marks.delilah@example.org','1-203-802-5209x071','2004-05-15 15:45:44','2010-01-20 18:38:11'),(46,'Jaclyn','Yost','pwalsh@example.net','260-795-6842x2150','1976-02-05 02:21:22','1986-02-13 05:39:54'),(47,'Kennith','Kirlin','lgislason@example.net','405.338.2384x961','1979-03-03 02:33:18','2009-04-11 15:21:57'),(48,'Jeremie','Rosenbaum','mstiedemann@example.org','637.393.8526x02889','2018-06-09 15:24:38','1988-04-03 17:26:50'),(49,'Nicholas','Konopelski','qbreitenberg@example.org','+50(0)8224597423','2019-02-14 12:08:18','2004-11-18 09:48:47'),(50,'Hector','Steuber','fbradtke@example.org','037.417.1849x4669','2017-03-10 14:47:00','1993-02-06 06:16:06'),(51,'Esmeralda','Trantow','karley51@example.com','1-777-213-2195x87096','1982-10-31 15:46:39','1990-10-09 00:34:15'),(52,'Lori','Jenkins','larue.dibbert@example.com','815.196.6566','2011-12-11 05:53:51','2008-04-14 03:29:46'),(53,'Dale','Franecki','dillan22@example.net','1-880-651-1020x76442','2001-05-16 07:15:29','1999-04-23 12:31:06'),(54,'Ezra','Treutel','granville47@example.com','706.752.1635x44511','2004-07-31 01:22:12','1984-07-09 06:02:11'),(55,'Halle','Wehner','qryan@example.org','(571)912-6093x7931','1985-04-21 15:39:51','2012-01-20 23:03:18'),(56,'Chris','McLaughlin','titus.christiansen@example.org','(997)922-3884','1976-07-06 04:50:41','2006-09-21 08:23:38'),(57,'Fatima','Bosco','ward.eldridge@example.net','989-362-0868x796','1989-06-16 05:39:20','1976-09-19 21:28:23'),(58,'Micheal','Hessel','alyson57@example.org','1-872-420-1899x0525','1983-09-29 07:34:56','2002-03-06 00:35:47'),(59,'Simeon','Kirlin','chadrick98@example.com','1-896-378-9150x02080','2011-09-30 03:54:51','1996-01-19 11:50:04'),(60,'Jerrold','Kunze','domenica48@example.com','1-773-897-3090','1999-06-15 21:54:47','2005-12-27 12:55:41'),(61,'Sabrina','Simonis','bkling@example.com','02790801666','2009-12-06 21:28:30','1988-11-17 04:10:18'),(62,'Charlie','Hermiston','emory75@example.com','(185)992-6098x7640','1993-08-18 15:01:15','2006-04-16 19:01:34'),(63,'Eliezer','Mayert','qschultz@example.net','(061)526-2499x7940','2003-05-17 17:28:26','1984-06-17 05:49:53'),(64,'Barrett','Rippin','cristopher.altenwerth@example.com','348-933-5024x81667','1987-10-01 18:09:01','1972-11-25 05:15:12'),(65,'Jada','Marvin','candace.rippin@example.net','935-421-1602','1989-11-18 13:35:59','2006-02-08 23:21:43'),(66,'Vivianne','Bergstrom','qsatterfield@example.org','1-900-820-3390','1984-05-22 09:46:41','1970-02-01 23:33:33'),(67,'Lizeth','Leannon','scotty.stokes@example.org','1-637-101-4860x33698','1994-11-28 02:21:38','1993-08-14 01:18:47'),(68,'Dorcas','Ledner','america.stanton@example.org','673.669.3163','1971-10-01 00:27:38','1995-12-06 21:59:54'),(69,'Vernie','Monahan','jaskolski.roger@example.org','056.869.4474','1983-12-28 15:28:35','2007-08-29 21:34:06'),(70,'Gretchen','Spinka','bkutch@example.com','+65(3)0228672238','2019-06-12 14:52:30','2001-11-27 21:26:07'),(71,'Melvin','Anderson','brakus.janiya@example.com','786-660-8640','1983-06-09 04:55:32','2008-07-17 00:27:34'),(72,'Marcus','Shanahan','alda75@example.org','971.623.1982','2011-05-03 02:30:31','1983-08-11 21:56:25'),(73,'Luna','Swaniawski','brent.graham@example.net','264-518-4164x03781','1977-05-21 11:15:07','2007-07-02 06:40:39'),(74,'Jaquelin','Luettgen','lesch.jason@example.com','08569884758','2009-01-10 03:57:17','1993-12-23 05:28:14'),(75,'Emmet','Fadel','fpacocha@example.org','01576109937','2003-03-01 04:43:00','2018-03-06 09:59:39'),(76,'Dariana','Bartoletti','brooklyn01@example.net','191.680.0187x3338','1985-04-28 11:59:28','1999-11-15 12:57:36'),(77,'Mavis','Wiza','treutel.sharon@example.com','517.577.6725','1975-07-27 13:06:45','1988-01-13 18:32:49'),(78,'Kamryn','Gaylord','graham.benny@example.com','(778)588-9724x23876','1991-06-13 15:48:44','2018-04-26 22:07:22'),(79,'Jovani','Wilkinson','devon92@example.org','410-706-6148x19834','2003-04-08 22:10:42','1976-01-05 23:17:18'),(80,'Eulalia','Brakus','alittle@example.org','01081891642','2018-08-20 19:51:28','2014-07-08 12:29:28'),(81,'Deron','Stark','cassie.grimes@example.org','1-357-830-5491','1970-06-19 19:28:55','1986-08-07 21:23:27'),(82,'Rosalyn','Kuhic','domenico.jacobs@example.org','+23(1)5505671077','2018-09-30 14:45:40','1991-09-12 23:40:11'),(83,'Jayden','Kiehn','dahlia.bergstrom@example.org','02560797214','1991-06-18 01:23:27','1994-11-01 02:59:14'),(84,'Jerald','Mills','trace.hauck@example.org','+50(0)0596127834','1999-10-28 09:14:57','1971-06-25 02:07:39'),(85,'Telly','Kuvalis','uking@example.com','433.702.4290','2005-09-10 06:31:16','2014-04-14 07:48:53'),(86,'Breanna','McDermott','krystina.willms@example.net','1-203-008-0304','2003-04-28 02:57:29','1974-08-23 05:10:24'),(87,'Abigayle','Skiles','darian88@example.org','1-100-867-7190x2133','2007-12-18 10:09:59','2007-09-03 22:50:11'),(88,'Kylie','Schiller','jerel00@example.org','+60(1)9066538760','1990-03-03 19:25:48','1994-02-08 21:03:11'),(89,'Leilani','Considine','davis.shaina@example.org','08442737002','1995-03-18 19:28:56','1985-01-14 00:18:19'),(90,'Margarita','Dooley','cordelia68@example.com','(284)248-9035x2275','1977-12-20 10:13:04','2009-05-13 06:05:53'),(91,'Golda','Heidenreich','terry.effertz@example.com','+52(9)4815125612','1971-07-25 21:33:01','1974-10-22 22:56:40'),(92,'Vernice','Toy','doris53@example.net','(472)779-3068x16781','2005-07-14 16:51:59','2005-12-22 10:59:06'),(93,'Davion','Cremin','vaughn29@example.com','+08(2)3330876424','1990-08-08 20:05:00','2018-10-09 10:23:20'),(94,'Fay','Mosciski','qbatz@example.net','499-160-7063x0285','1996-11-12 05:46:26','2000-04-01 15:44:16'),(95,'Golda','Tromp','estiedemann@example.net','989-266-5669','1975-06-27 03:48:18','2017-02-13 19:03:03'),(96,'Russel','Herman','ywintheiser@example.com','08544566273','1998-10-10 07:27:08','1998-05-19 01:04:54'),(97,'Jaeden','Parker','sister83@example.com','866.990.2681x3694','1977-09-18 18:52:02','2019-03-20 22:04:20'),(98,'Sofia','Blanda','conner12@example.com','1-083-210-9234','1978-10-24 23:46:43','1989-02-28 16:28:06'),(99,'Kelli','Wisoky','jruecker@example.org','08264510330','2017-12-03 00:10:10','1999-10-05 14:02:08'),(100,'Briana','Ruecker','keon04@example.org','664-374-0786x16394','1995-12-07 20:14:56','1984-07-07 06:57:44');


-- task 1 -       vk.

ALTER TABLE profiles ADD COLUMN updated_at DATETIME DEFAULT NOW() ON UPDATE NOW();


-- task 2 -   .
-- meetings

DROP TABLE IF EXISTS `meetings`;
CREATE TABLE `meetings` (
  `id` int(10) unsigned NOT NULL AUTO_INCREMENT,
  `name` varchar(150) COLLATE utf8_unicode_ci NOT NULL,
  `scheduled_at` datetime DEFAULT NULL,
  PRIMARY KEY (`id`),
  UNIQUE KEY `name` (`name`)
) ENGINE=InnoDB AUTO_INCREMENT=11 DEFAULT CHARSET=utf8 COLLATE=utf8_unicode_ci;

INSERT INTO `meetings` (`id`, `name`, `scheduled_at`) VALUES (1, 'nisi', '1978-10-14 08:25:38');
INSERT INTO `meetings` (`id`, `name`, `scheduled_at`) VALUES (2, 'consequatur', '1988-12-18 09:23:28');
INSERT INTO `meetings` (`id`, `name`, `scheduled_at`) VALUES (3, 'voluptatum', '2007-10-05 14:03:31');
INSERT INTO `meetings` (`id`, `name`, `scheduled_at`) VALUES (4, 'in', '1996-08-10 06:17:12');
INSERT INTO `meetings` (`id`, `name`, `scheduled_at`) VALUES (5, 'eos', '2015-02-04 08:08:35');
INSERT INTO `meetings` (`id`, `name`, `scheduled_at`) VALUES (6, 'eaque', '1981-10-20 22:38:24');
INSERT INTO `meetings` (`id`, `name`, `scheduled_at`) VALUES (7, 'quia', '1970-04-23 11:39:47');
INSERT INTO `meetings` (`id`, `name`, `scheduled_at`) VALUES (8, 'repellat', '2007-12-07 11:50:02');
INSERT INTO `meetings` (`id`, `name`, `scheduled_at`) VALUES (9, 'enim', '2000-10-28 13:42:51');
INSERT INTO `meetings` (`id`, `name`, `scheduled_at`) VALUES (10, 'qui', '2003-09-07 08:35:56');


-- posts

DROP TABLE IF EXISTS `posts`;

CREATE TABLE `posts` (
  `id` int(10) unsigned NOT NULL AUTO_INCREMENT,
  `user_id` int(10) unsigned NOT NULL,
  `header` varchar(255) COLLATE utf8_unicode_ci DEFAULT NULL,
  `body` text COLLATE utf8_unicode_ci NOT NULL,
  `media_id` int(10) unsigned DEFAULT NULL,
  `created_at` datetime DEFAULT current_timestamp(),
  `updated_at` datetime DEFAULT current_timestamp() ON UPDATE current_timestamp(),
  PRIMARY KEY (`id`)
) ENGINE=InnoDB AUTO_INCREMENT=11 DEFAULT CHARSET=utf8 COLLATE=utf8_unicode_ci;

INSERT INTO `posts` (`id`, `user_id`, `header`, `body`, `media_id`, `created_at`, `updated_at`) VALUES (1, 93, 'dolor', 'Voluptatem minus quasi dignissimos dolorem nemo. Accusantium et ab et totam. Nobis facere hic ut dolorum saepe minus cupiditate voluptatem. Numquam atque similique officiis sit.', 332857536, '2008-07-29 00:07:03', '1983-07-24 02:08:39');
INSERT INTO `posts` (`id`, `user_id`, `header`, `body`, `media_id`, `created_at`, `updated_at`) VALUES (2, 85, 'animi', 'Consequatur quis dolorum fuga ratione. Dolorem ratione ut quos et. Aliquam voluptatem non dolore quasi. Sit unde officiis consequuntur cum delectus doloribus at eos.', 588319, '2003-08-12 10:55:10', '2015-08-28 00:06:16');
INSERT INTO `posts` (`id`, `user_id`, `header`, `body`, `media_id`, `created_at`, `updated_at`) VALUES (3, 71, 'nostrum', 'Rerum architecto ullam illum sed mollitia debitis doloremque. Nemo saepe et aut molestias similique. Nulla libero eaque ut nostrum sunt. Soluta natus temporibus architecto consequuntur placeat qui.', 16, '2017-08-05 08:30:21', '2000-07-26 13:36:03');
INSERT INTO `posts` (`id`, `user_id`, `header`, `body`, `media_id`, `created_at`, `updated_at`) VALUES (4, 22, 'libero', 'Deserunt labore aut qui quidem exercitationem pariatur. Nihil est ratione cum. Est magni quam doloremque non libero earum. Sit ex amet veritatis sed quae eos.', 0, '2002-07-14 00:25:36', '1978-02-07 04:31:22');
INSERT INTO `posts` (`id`, `user_id`, `header`, `body`, `media_id`, `created_at`, `updated_at`) VALUES (5, 15, 'est', 'Sapiente culpa quaerat aspernatur. Hic ut eligendi molestias quod veritatis. Nihil qui tempore assumenda atque vel voluptatem beatae. Autem omnis doloremque iste iure et ut et.', 0, '1991-03-14 07:30:35', '1990-03-25 19:47:17');
INSERT INTO `posts` (`id`, `user_id`, `header`, `body`, `media_id`, `created_at`, `updated_at`) VALUES (6, 63, 'magni', 'In quaerat aut doloribus doloremque odio est magnam. Illum illum rem corporis accusamus sed accusamus quaerat provident. Ullam assumenda quia et atque itaque.', 715, '2005-06-13 17:23:44', '1980-08-29 23:49:15');
INSERT INTO `posts` (`id`, `user_id`, `header`, `body`, `media_id`, `created_at`, `updated_at`) VALUES (7, 29, 'et', 'Molestias vel velit ab magnam. Ut illo est rerum mollitia ea. Consectetur qui vel adipisci et. Porro sit voluptates debitis. Velit sunt quas voluptatem voluptas assumenda fugit.', 0, '2006-05-05 21:01:16', '2011-11-18 23:07:32');
INSERT INTO `posts` (`id`, `user_id`, `header`, `body`, `media_id`, `created_at`, `updated_at`) VALUES (8, 38, 'aut', 'Earum ut repudiandae explicabo. Sed inventore temporibus fugiat non. Iusto aut et et aut.', 7, '2004-06-06 02:31:31', '1986-06-18 04:21:10');
INSERT INTO `posts` (`id`, `user_id`, `header`, `body`, `media_id`, `created_at`, `updated_at`) VALUES (9, 84, 'illum', 'Tempore molestias magni qui quisquam cupiditate. Quasi voluptates molestiae architecto maiores voluptatibus. Reprehenderit inventore explicabo alias illo sed qui amet perspiciatis.', 0, '1977-09-07 09:43:17', '1996-10-27 05:23:18');
INSERT INTO `posts` (`id`, `user_id`, `header`, `body`, `media_id`, `created_at`, `updated_at`) VALUES (10, 91, 'eaque', 'Qui doloribus ipsum eaque vel nihil nemo. Fuga et itaque ea pariatur omnis earum. Eum eum itaque nihil in. Quo quia odio aut a.\nEos laborum ad numquam eligendi recusandae. Sit quam delectus sint aut.', 55886702, '1996-04-24 22:47:01', '1998-01-05 03:49:22');


-- task 3 -          : 
-- YouTube.

-- task 4 - ( )    .

-- likes

CREATE TABLE likes (
	id INT(10) UNSIGNED NOT NULL AUTO_INCREMENT PRIMARY KEY,
	user_id INT(10) UNSIGNED NOT NULL,
	media_id INT(10) UNSIGNED,
	posts_id INT(10) UNSIGNED,
	created_at DATETIME DEFAULT CURRENT_TIMESTAMP
);

INSERT INTO likes(user_id, media_id, posts_id) VALUE (FLOOR(1 + rand() * 100), FLOOR(1 + rand() * 100), FLOOR(1 + rand() * 100));

SHOW TABLES;
